warehouse_id	store_id	store_city	order_date	total_weight_kg	distance_km	shipment_count	current_total_cost
WH-BPL	ST-001	Gwalior	2024-07-23	439.9	416.8	2	29382.0
WH-BPL	ST-001	Gwalior	2024-07-30	802.75	391.4	2	28788.760000000000
WH-BPL	ST-001	Gwalior	2024-08-25	989.7	430.8666666666670	3	30709.22
WH-BPL	ST-001	Gwalior	2024-11-19	507.4	405.05	2	43556.4
WH-BPL	ST-002	Ratlam	2024-05-06	795.1	451.05	2	62683.96
WH-BPL	ST-002	Ratlam	2024-09-12	348.0	447.8	2	52660.31
WH-BPL	ST-002	Ratlam	2025-01-01	548.4	444.55	2	29911.37
WH-BPL	ST-003	Jabalpur	2024-04-12	563.7	435.75	2	30976.6
WH-BPL	ST-003	Jabalpur	2024-09-28	697.4	397.85	2	28773.940000000000
WH-BPL	ST-003	Jabalpur	2025-01-18	1148.2	392.5	2	40932.16
WH-BPL	ST-004	Jabalpur	2024-05-24	443.0	196.0	2	20988.44
WH-BPL	ST-004	Jabalpur	2024-06-21	1432.2	203.70000000000000	3	16615.16
WH-BPL	ST-004	Jabalpur	2024-10-22	781.7	192.0666666666670	3	20560.46
WH-BPL	ST-005	Indore	2024-04-15	1132.6	184.0	2	20721.05
WH-BPL	ST-005	Indore	2024-06-02	615.3	175.10000000000000	2	9091.69
WH-BPL	ST-005	Indore	2024-06-29	1389.1	186.3	2	20136.72
WH-BPL	ST-005	Indore	2024-09-21	1109.7000000000000	183.15	2	28483.565000000000
WH-BPL	ST-005	Indore	2024-10-02	509.30000000000000	173.85	2	13402.64
WH-BPL	ST-005	Indore	2024-11-28	1465.2	180.33333333333300	3	29106.310000000000
WH-BPL	ST-006	Burhanpur	2024-04-06	1011.0	203.6	2	14005.45
WH-BPL	ST-006	Burhanpur	2024-08-26	175.1	203.85000000000000	2	28405.89
WH-BPL	ST-007	Indore	2024-04-05	938.7	399.4	2	38107.480000000000
WH-BPL	ST-007	Indore	2024-07-15	1086.1	397.4666666666670	3	43553.94
WH-BPL	ST-007	Indore	2024-09-14	626.0	384.0	2	36626.3
WH-BPL	ST-007	Indore	2024-10-05	982.3000000000000	398.75	2	43206.93
WH-BPL	ST-007	Indore	2024-10-16	1070.3000000000000	394.3	3	68296.28
WH-BPL	ST-007	Indore	2024-10-23	1130.2	376.15	2	34309.67
WH-BPL	ST-007	Indore	2024-11-01	940.0	396.1	2	34796.980000000000
WH-BPL	ST-007	Indore	2024-11-25	762.3	381.4	2	24879.17
WH-BPL	ST-007	Indore	2024-11-28	1702.8000000000000	407.5	2	33788.22
WH-BPL	ST-008	Burhanpur	2024-08-02	224.8	328.45000000000000	2	27683.74
WH-BPL	ST-008	Burhanpur	2024-08-04	458.1	306.15	2	27567.150000000000
WH-BPL	ST-008	Burhanpur	2024-08-13	1180.3000000000000	319.9	2	44164.29
WH-BPL	ST-008	Burhanpur	2024-09-09	638.3	311.0	2	27606.89
WH-BPL	ST-008	Burhanpur	2024-12-17	711.3	329.55	2	22865.25
WH-BPL	ST-009	Vidisha	2024-05-23	515.3	317.0	2	21771.130000000000
WH-BPL	ST-009	Vidisha	2024-06-21	894.2000000000000	326.30000000000000	2	20711.92
WH-BPL	ST-009	Vidisha	2024-08-09	1114.6	302.55000000000000	2	26101.895
WH-BPL	ST-009	Vidisha	2024-09-01	997.1000000000000	339.15	2	29555.21
WH-BPL	ST-009	Vidisha	2024-10-21	446.6	316.8	2	29285.12
WH-BPL	ST-009	Vidisha	2024-12-17	1279.0	306.80000000000000	2	15443.04
WH-BPL	ST-010	Khandwa	2024-09-21	1487.6000000000000	321.43333333333300	3	42488.6
WH-BPL	ST-010	Khandwa	2024-10-24	1370.8	321.75	2	34901.49
WH-BPL	ST-011	Bhopal	2024-07-05	863.0	226.2	2	19327.41
WH-BPL	ST-011	Bhopal	2024-09-07	1674.2	225.80000000000000	3	28566.93
WH-BPL	ST-011	Bhopal	2024-11-20	432.80000000000000	214.90000000000000	2	23355.300000000000
WH-BPL	ST-012	Chhindwara	2024-06-13	1062.7000000000000	389.95	2	28853.980000000000
WH-BPL	ST-012	Chhindwara	2024-08-12	649.8	379.05	2	47659.08
WH-BPL	ST-012	Chhindwara	2024-10-07	537.7	359.15	2	43231.510000000000
WH-BPL	ST-012	Chhindwara	2024-10-24	243.0	349.95	2	29602.32
WH-BPL	ST-013	Khandwa	2024-04-28	1607.1	182.9	2	13284.52
WH-BPL	ST-013	Khandwa	2024-05-01	1351.5	175.25	2	20814.130000000000
WH-BPL	ST-013	Khandwa	2024-07-10	816.1000000000000	177.90000000000000	2	17317.22
WH-BPL	ST-013	Khandwa	2024-11-11	730.6	190.6	2	15773.12
WH-BPL	ST-014	Bhopal	2024-07-03	329.6	259.65	2	26991.18
WH-BPL	ST-014	Bhopal	2024-09-10	148.9	257.55	2	25141.71
WH-BPL	ST-014	Bhopal	2024-10-06	760.3	259.45000000000000	2	24133.580000000000
WH-BPL	ST-014	Bhopal	2024-11-27	706.7	260.2	2	17492.45
WH-BPL	ST-014	Bhopal	2024-12-28	837.55	260.9	2	27282.49
WH-BPL	ST-014	Bhopal	2025-01-03	921.9	253.85000000000000	2	22071.380000000000
WH-BPL	ST-014	Bhopal	2025-01-16	320.5	281.3	2	36622.54
WH-BPL	ST-015	Jabalpur	2024-04-17	1060.3	440.85	2	38634.05
WH-BPL	ST-015	Jabalpur	2024-08-22	164.6	444.35	2	40842.59
WH-BPL	ST-015	Jabalpur	2024-10-01	858.2	426.2	2	22769.75
WH-BPL	ST-015	Jabalpur	2024-10-06	1063.6	440.6666666666670	3	47089.91
WH-BPL	ST-015	Jabalpur	2024-11-19	827.5	430.15	2	42983.34
WH-BPL	ST-016	Chhindwara	2024-05-21	619.1	182.3	2	17306.24
WH-BPL	ST-016	Chhindwara	2024-07-21	693.2	168.90000000000000	2	9385.38
WH-BPL	ST-016	Chhindwara	2024-08-17	588.4	182.65	2	23420.92
WH-BPL	ST-016	Chhindwara	2024-10-20	875.8	183.5	2	18980.810000000000
WH-BPL	ST-016	Chhindwara	2024-12-20	955.7	172.85	2	22736.71
WH-BPL	ST-017	Khandwa	2024-08-21	532.7	282.6	2	27241.650000000000
WH-BPL	ST-017	Khandwa	2025-01-10	1536.1	270.95	2	21227.47
WH-BPL	ST-018	Satna	2024-04-05	942.0	234.40000000000000	2	21950.800000000000
WH-BPL	ST-018	Satna	2024-06-08	696.7	234.7	2	16413.690000000000
WH-BPL	ST-018	Satna	2024-08-21	564.0	224.95	2	26562.36
WH-BPL	ST-018	Satna	2024-09-21	495.3	249.0	2	31594.82
WH-BPL	ST-018	Satna	2024-11-27	449.4	233.8	2	14234.31
WH-BPL	ST-018	Satna	2025-01-12	678.4	224.1	2	23232.6
WH-BPL	ST-019	Jabalpur	2024-06-04	390.5	312.1	2	33659.11
WH-BPL	ST-019	Jabalpur	2024-12-02	1062.7	296.75	2	34056.990000000000
WH-BPL	ST-020	Ratlam	2024-05-26	791.1	262.1	2	15523.34
WH-BPL	ST-020	Ratlam	2024-09-09	1193.3	274.0	2	26916.24
WH-BPL	ST-020	Ratlam	2024-10-07	1111.4	293.30000000000000	2	35818.68
WH-BPL	ST-020	Ratlam	2024-11-06	522.8	284.05000000000000	2	35636.650000000000
WH-BPL	ST-020	Ratlam	2024-11-27	595.8	273.45000000000000	2	29548.72
WH-BPL	ST-020	Ratlam	2025-01-07	888.3	287.35	2	19405.75
WH-BPL	ST-021	Ratlam	2024-05-05	436.0	313.20000000000000	2	22130.490000000000
WH-BPL	ST-021	Ratlam	2024-06-28	1052.3	333.05	2	28476.11
WH-BPL	ST-021	Ratlam	2024-11-24	1073.5	314.75	2	24505.98
WH-BPL	ST-022	Bhopal	2024-06-05	1190.4	457.45000000000000	2	56780.66
WH-BPL	ST-022	Bhopal	2024-06-06	1801.6	443.90000000000000	3	57174.09
WH-BPL	ST-022	Bhopal	2024-06-26	268.2	457.55	2	45347.25
WH-BPL	ST-022	Bhopal	2025-01-12	903.9	446.1	2	39396.980000000000
WH-BPL	ST-023	Vidisha	2024-04-10	1803.0	392.4	2	43292.77
WH-BPL	ST-023	Vidisha	2024-04-18	738.2	395.1333333333330	3	45104.83
WH-BPL	ST-023	Vidisha	2024-05-14	1358.5	389.35	2	47598.05
WH-BPL	ST-023	Vidisha	2024-12-01	1549.8	380.9	2	39922.240000000000
WH-BPL	ST-024	Vidisha	2024-04-23	747.8	210.05	2	26112.07
WH-BPL	ST-024	Vidisha	2024-07-17	1024.0	207.90000000000000	2	13088.64
WH-BPL	ST-024	Vidisha	2024-07-29	699.7	213.10000000000000	2	24489.92
WH-BPL	ST-024	Vidisha	2024-11-14	714.1	218.2	2	21498.96
WH-BPL	ST-025	Mandsaur	2024-04-20	688.2	423.6	2	30623.54
WH-BPL	ST-025	Mandsaur	2024-07-13	1139.2000000000000	428.85	2	50376.88
WH-BPL	ST-025	Mandsaur	2024-08-05	470.70000000000000	416.8	2	30497.340000000000
WH-BPL	ST-025	Mandsaur	2024-10-07	852.5	413.35	2	20839.54
WH-BPL	ST-025	Mandsaur	2024-10-13	872.6000000000000	405.05000000000000	2	20759.75
WH-BPL	ST-025	Mandsaur	2024-10-26	625.4	393.4	2	19649.64
WH-BPL	ST-026	Satna	2024-07-07	1283.1	255.45	2	23406.3
WH-BPL	ST-027	Chhindwara	2024-04-30	1267.8	404.85	2	30889.39
WH-BPL	ST-027	Chhindwara	2024-08-16	179.4	419.70000000000000	2	21440.78
WH-BPL	ST-027	Chhindwara	2024-11-08	459.20000000000000	402.6	2	29745.36
WH-BPL	ST-027	Chhindwara	2025-01-05	566.2	395.85	2	38342.67
WH-BPL	ST-027	Chhindwara	2025-01-26	1080.9	394.70000000000000	2	50454.33
WH-BPL	ST-028	Ujjain	2024-11-30	680.1000000000000	364.3	2	29758.520000000000
WH-BPL	ST-028	Ujjain	2025-01-10	1222.5	380.05000000000000	2	27164.740000000000
WH-BPL	ST-028	Ujjain	2025-01-16	735.0	349.25	2	49932.380000000000
WH-BPL	ST-029	Bhopal	2024-04-13	695.8	438.0	2	27128.81
WH-BPL	ST-029	Bhopal	2024-04-27	628.4000000000000	456.1	2	24093.590000000000
WH-BPL	ST-029	Bhopal	2024-07-07	275.80000000000000	469.45	2	56812.67
WH-BPL	ST-030	Sagar	2024-05-18	412.9	287.15	2	15243.69
WH-BPL	ST-030	Sagar	2024-12-28	706.0	286.1	2	30430.39
WH-BPL	ST-031	Jabalpur	2024-04-20	1253.7	90.80000000000000	2	8647.2
WH-BPL	ST-031	Jabalpur	2024-06-01	911.6	84.30000000000000	2	4806.530000000000
WH-BPL	ST-031	Jabalpur	2024-06-16	1117.7000000000000	83.3	2	8580.16
WH-BPL	ST-031	Jabalpur	2024-09-22	718.0	85.05	2	5968.32
WH-BPL	ST-031	Jabalpur	2024-11-13	577.4	85.55	2	8055.450000000000
WH-BPL	ST-031	Jabalpur	2024-12-08	1003.1000000000000	82.5	2	9471.74
WH-BPL	ST-031	Jabalpur	2025-01-11	1099.5	88.60000000000000	3	17532.95
WH-BPL	ST-031	Jabalpur	2025-01-19	470.0	86.1	2	5172.51
WH-BPL	ST-031	Jabalpur	2025-01-21	917.6	84.80000000000000	2	9771.5
WH-BPL	ST-032	Mandsaur	2024-05-06	849.4000000000000	381.5	2	38979.47
WH-BPL	ST-032	Mandsaur	2024-06-24	623.4	368.6	2	38554.94
WH-BPL	ST-032	Mandsaur	2024-06-29	427.0	365.7	2	18487.34
WH-BPL	ST-032	Mandsaur	2024-11-06	383.1	395.80000000000000	2	34466.94
WH-BPL	ST-032	Mandsaur	2025-01-21	1019.5	391.8	2	43443.22
WH-BPL	ST-033	Indore	2024-06-07	521.5	362.5	2	19256.53
WH-BPL	ST-033	Indore	2024-06-19	1569.6	399.25	2	40028.91
WH-BPL	ST-033	Indore	2024-09-07	1501.8000000000000	374.40000000000000	3	34541.11
WH-BPL	ST-033	Indore	2024-09-12	2122.1	393.5	2	40591.12
WH-BPL	ST-033	Indore	2024-09-25	974.5	378.75	2	21437.260000000000
WH-BPL	ST-034	Satna	2024-09-27	374.7	289.35	2	37743.620000000000
WH-BPL	ST-034	Satna	2024-11-30	577.2	309.2	2	15896.380000000000
WH-BPL	ST-034	Satna	2025-01-01	263.5	299.9	2	31469.14
WH-BPL	ST-034	Satna	2025-01-17	523.3	286.15	2	19420.26
WH-BPL	ST-034	Satna	2025-01-21	1644.0	306.85	2	34843.97
WH-BPL	ST-035	Rewa	2024-04-18	283.0	60.15	2	4250.77
WH-BPL	ST-035	Rewa	2024-07-29	1507.7	62.850000000000000	2	7023.970000000000
WH-BPL	ST-035	Rewa	2024-10-25	610.1	61.8	2	6812.540000000000
WH-BPL	ST-036	Satna	2024-08-01	818.8	484.5	2	55592.91
WH-BPL	ST-036	Satna	2024-09-06	1325.7	479.0	2	47846.990000000000
WH-BPL	ST-036	Satna	2024-10-17	811.9	454.1	2	24134.27
WH-BPL	ST-037	Gwalior	2024-04-05	235.8	412.6	2	56527.25
WH-BPL	ST-037	Gwalior	2024-05-20	1552.0	378.75	2	24734.02
WH-BPL	ST-037	Gwalior	2024-06-09	1308.1	387.7	4	45816.97
WH-BPL	ST-037	Gwalior	2024-06-30	704.8	399.35	2	26817.84
WH-BPL	ST-037	Gwalior	2024-07-15	693.2	408.5	2	47714.66
WH-BPL	ST-037	Gwalior	2024-08-26	1193.6	402.7	3	44745.29
WH-BPL	ST-037	Gwalior	2024-11-22	935.2000000000000	408.80000000000000	2	41753.79
WH-BPL	ST-037	Gwalior	2024-12-17	845.7	391.1	2	54198.42
WH-BPL	ST-037	Gwalior	2024-12-23	485.25	367.15	2	22866.770000000000
WH-BPL	ST-038	Dewas	2024-05-29	252.90000000000000	317.8666666666670	3	50799.100000000000
WH-BPL	ST-038	Dewas	2024-07-11	1262.8	341.20000000000000	2	23030.380000000000
WH-BPL	ST-038	Dewas	2024-12-10	181.8	323.0	2	24020.87
WH-BPL	ST-038	Dewas	2024-12-23	1026.0	311.5	2	32714.12
WH-BPL	ST-038	Dewas	2024-12-30	414.0	331.6	2	16695.510000000000
WH-BPL	ST-038	Dewas	2025-01-16	642.7	311.25	2	27537.65
WH-BPL	ST-039	Indore	2024-04-17	773.85	124.9	2	14454.11
WH-BPL	ST-039	Indore	2024-06-10	628.7	123.75	2	14798.92
WH-BPL	ST-039	Indore	2024-09-01	1004.8	119.20000000000000	2	6353.38
WH-BPL	ST-039	Indore	2024-09-07	1355.9	119.40000000000000	3	21118.11
WH-BPL	ST-039	Indore	2024-12-29	523.7	111.65	2	19673.405
WH-BPL	ST-039	Indore	2025-01-20	679.7	115.5	2	8729.21
WH-BPL	ST-040	Gwalior	2024-05-15	109.1	475.5	2	51050.58
WH-BPL	ST-040	Gwalior	2024-06-25	627.5	485.80000000000000	2	46848.69
WH-BPL	ST-040	Gwalior	2024-07-11	1176.6	468.9	2	38976.69
WH-BPL	ST-040	Gwalior	2024-08-19	941.85	503.1	2	42832.94
WH-BPL	ST-040	Gwalior	2024-10-05	1034.2	483.0	2	31443.53
WH-BPL	ST-040	Gwalior	2024-11-27	947.3	483.9	2	45071.0
WH-GWL	ST-001	Gwalior	2024-04-22	380.1	798.6000000000000	2	84657.28
WH-GWL	ST-001	Gwalior	2024-05-04	433.9	815.95	2	81454.81
WH-GWL	ST-001	Gwalior	2024-06-02	733.0	825.05	2	62511.370000000000
WH-GWL	ST-001	Gwalior	2024-12-09	905.9	854.2	2	57452.61
WH-GWL	ST-002	Ratlam	2024-04-10	426.3	787.6	2	75846.81
WH-GWL	ST-002	Ratlam	2024-04-29	901.1	817.8500000000000	2	58868.04
WH-GWL	ST-002	Ratlam	2024-06-08	517.7	826.8	2	81499.31
WH-GWL	ST-002	Ratlam	2024-07-25	315.2	779.55	2	81261.15
WH-GWL	ST-002	Ratlam	2024-08-28	1261.2000000000000	783.0666666666670	3	108014.34
WH-GWL	ST-003	Jabalpur	2024-05-22	1136.5	551.25	2	44327.770000000000
WH-GWL	ST-003	Jabalpur	2024-05-25	748.9	580.5	2	38603.41
WH-GWL	ST-003	Jabalpur	2024-06-01	699.7	615.3	2	49027.370000000000
WH-GWL	ST-003	Jabalpur	2024-09-11	974.95	585.6666666666670	3	88062.76000000000
WH-GWL	ST-003	Jabalpur	2024-10-05	742.2	567.75	2	31512.85
WH-GWL	ST-003	Jabalpur	2024-11-13	1166.6	573.2	2	50891.61
WH-GWL	ST-003	Jabalpur	2024-12-16	985.2000000000000	571.9	2	73752.08000000000
WH-GWL	ST-004	Jabalpur	2024-07-13	855.8000000000000	597.0	2	78258.46000000000
WH-GWL	ST-004	Jabalpur	2024-08-28	1362.0	644.35	2	56148.46000000000
WH-GWL	ST-004	Jabalpur	2024-10-04	1756.3000000000000	635.05	2	65070.69
WH-GWL	ST-005	Indore	2024-05-06	1850.8	332.95000000000000	2	37746.230000000000
WH-GWL	ST-005	Indore	2024-08-13	430.1	323.6	2	22038.02
WH-GWL	ST-005	Indore	2024-09-20	1509.8	346.05	2	46558.18
WH-GWL	ST-005	Indore	2024-09-25	1055.9	326.85	2	27811.67
WH-GWL	ST-006	Burhanpur	2024-06-01	1308.3000000000000	626.5	2	52853.24
WH-GWL	ST-006	Burhanpur	2024-06-22	801.6000000000000	578.8	2	51289.21
WH-GWL	ST-006	Burhanpur	2024-10-15	683.9	599.6	2	39567.87
WH-GWL	ST-006	Burhanpur	2024-10-19	403.5	572.3500000000000	2	31093.96
WH-GWL	ST-006	Burhanpur	2024-12-13	1005.8000000000000	632.95	2	73102.4
WH-GWL	ST-006	Burhanpur	2025-01-18	691.05	620.25	2	42695.58
WH-GWL	ST-007	Indore	2024-04-19	652.6	418.85	2	42127.26
WH-GWL	ST-007	Indore	2024-05-08	438.6	417.05	2	31137.33
WH-GWL	ST-007	Indore	2024-05-26	388.3	442.75	2	31809.480000000000
WH-GWL	ST-007	Indore	2024-10-15	555.1000000000000	426.15	2	42654.2
WH-GWL	ST-007	Indore	2024-10-29	438.3	421.6	2	39843.020000000000
WH-GWL	ST-008	Burhanpur	2024-04-05	697.55	644.7	2	56252.510000000000
WH-GWL	ST-008	Burhanpur	2024-06-07	231.8	677.2	2	61209.84
WH-GWL	ST-008	Burhanpur	2024-11-04	785.8	626.95	2	39569.22
WH-GWL	ST-008	Burhanpur	2025-01-04	676.0	685.3	2	34850.05
WH-GWL	ST-009	Vidisha	2024-06-25	701.0	787.1500000000000	2	43732.07
WH-GWL	ST-010	Khandwa	2024-05-18	969.3	95.45	2	10140.99
WH-GWL	ST-010	Khandwa	2024-08-14	1651.9	92.3	3	23200.697602041100
WH-GWL	ST-010	Khandwa	2025-01-01	883.6	95.75	2	9514.42
WH-GWL	ST-010	Khandwa	2025-01-12	538.5	91.05000000000000	2	7870.700000000000
WH-GWL	ST-011	Bhopal	2024-12-29	1114.1	205.8	2	20013.17
WH-GWL	ST-012	Chhindwara	2024-04-17	285.9	776.1	2	73738.64
WH-GWL	ST-012	Chhindwara	2024-06-19	677.2000000000000	785.1500000000000	2	51709.61
WH-GWL	ST-012	Chhindwara	2024-07-23	624.2	814.25	2	39495.130000000000
WH-GWL	ST-013	Khandwa	2024-04-18	642.0	327.75	2	22739.27
WH-GWL	ST-013	Khandwa	2024-06-10	1076.8	335.1	2	29403.68
WH-GWL	ST-013	Khandwa	2024-12-12	742.2	319.15	2	36103.07
WH-GWL	ST-013	Khandwa	2024-12-22	1843.7	323.9	2	41793.64
WH-GWL	ST-013	Khandwa	2024-12-26	490.0	340.15	2	21173.47
WH-GWL	ST-013	Khandwa	2025-01-02	1001.8	313.75	2	20887.87
WH-GWL	ST-014	Bhopal	2024-05-05	1062.4	255.05000000000000	2	35002.760000000000
WH-GWL	ST-014	Bhopal	2024-05-31	1368.2	271.1	2	21770.08
WH-GWL	ST-014	Bhopal	2024-08-17	279.5	272.0	2	25638.1
WH-GWL	ST-014	Bhopal	2024-08-28	248.30000000000000	259.55	2	15470.55
WH-GWL	ST-014	Bhopal	2024-09-07	736.0	267.95000000000000	2	17427.43
WH-GWL	ST-014	Bhopal	2024-11-21	257.40000000000000	269.8	2	16787.13
WH-GWL	ST-015	Jabalpur	2024-04-10	511.9	195.65000000000000	2	14414.3
WH-GWL	ST-015	Jabalpur	2024-06-27	425.3	195.40000000000000	2	11228.940000000000
WH-GWL	ST-015	Jabalpur	2024-08-08	786.3000000000000	192.8	2	19057.050000000000
WH-GWL	ST-015	Jabalpur	2024-09-04	582.0	206.65000000000000	2	9795.74
WH-GWL	ST-015	Jabalpur	2024-09-10	782.4	187.40000000000000	2	36642.71
WH-GWL	ST-015	Jabalpur	2024-10-30	642.9	198.65	2	12438.22
WH-GWL	ST-015	Jabalpur	2024-11-17	161.3	195.25	2	20890.17
WH-GWL	ST-015	Jabalpur	2024-12-22	676.8	193.90000000000000	2	12722.57
WH-GWL	ST-016	Chhindwara	2024-11-10	1149.3000000000000	562.45	2	50099.480000000000
WH-GWL	ST-016	Chhindwara	2024-11-12	953.2000000000000	569.5	2	37720.370000000000
WH-GWL	ST-017	Khandwa	2024-04-25	1064.5	667.2	2	70392.87
WH-GWL	ST-017	Khandwa	2024-09-17	1465.5	679.3500000000000	2	41209.59
WH-GWL	ST-017	Khandwa	2024-12-10	445.4	737.95	2	87660.35
WH-GWL	ST-018	Satna	2024-04-17	462.70000000000000	199.65000000000000	2	19268.79
WH-GWL	ST-018	Satna	2024-09-02	653.0	207.8	2	13907.45
WH-GWL	ST-018	Satna	2024-10-02	680.6	214.60000000000000	2	18579.63
WH-GWL	ST-018	Satna	2024-10-17	1209.5	197.35000000000000	2	16598.26
WH-GWL	ST-019	Jabalpur	2024-04-04	727.7	495.3	2	56907.83
WH-GWL	ST-019	Jabalpur	2024-06-11	856.0	466.65	2	53840.39
WH-GWL	ST-019	Jabalpur	2024-08-10	1130.2	462.70000000000000	2	45622.82
WH-GWL	ST-019	Jabalpur	2024-08-26	1389.9	475.5	2	29446.57
WH-GWL	ST-019	Jabalpur	2024-09-19	730.4	477.85	2	41136.39
WH-GWL	ST-019	Jabalpur	2024-09-30	1613.7000000000000	477.4	2	60148.56
WH-GWL	ST-019	Jabalpur	2024-11-05	1215.6	468.6	2	38389.270000000000
WH-GWL	ST-019	Jabalpur	2024-11-23	371.0	480.5	2	38259.53
WH-GWL	ST-019	Jabalpur	2024-11-30	613.8	492.05	2	44224.63
WH-GWL	ST-019	Jabalpur	2024-12-17	857.6	492.6	2	58892.5
WH-GWL	ST-020	Ratlam	2024-06-09	412.9	742.65	2	77127.49
WH-GWL	ST-020	Ratlam	2024-08-26	788.4	688.2	2	37050.57
WH-GWL	ST-020	Ratlam	2024-11-05	1078.3	661.75	2	66041.83
WH-GWL	ST-020	Ratlam	2024-11-09	407.2	714.8	2	41597.93
WH-GWL	ST-020	Ratlam	2024-11-14	690.6	681.75	2	67169.98
WH-GWL	ST-021	Ratlam	2024-05-12	357.4	276.25	2	22782.72
WH-GWL	ST-021	Ratlam	2024-08-24	565.6	275.3	2	18780.04
WH-GWL	ST-021	Ratlam	2024-09-01	604.1000000000000	275.30000000000000	2	18108.16
WH-GWL	ST-021	Ratlam	2024-09-28	341.30000000000000	267.2	2	25492.240000000000
WH-GWL	ST-021	Ratlam	2025-01-25	404.6	285.1	2	18754.61
WH-GWL	ST-022	Bhopal	2024-05-30	1648.4	824.55	2	110696.45000000000
WH-GWL	ST-022	Bhopal	2024-07-22	466.20000000000000	782.75	2	86196.49000000000
WH-GWL	ST-022	Bhopal	2024-11-20	843.5	816.85	2	43124.36
WH-GWL	ST-022	Bhopal	2024-11-28	473.7	779.8000000000000	3	99544.83
WH-GWL	ST-023	Vidisha	2024-06-14	662.8	699.05	2	48150.54
WH-GWL	ST-023	Vidisha	2024-08-04	720.7	661.9	2	39349.6
WH-GWL	ST-023	Vidisha	2024-08-11	1107.9	656.65	2	35000.03
WH-GWL	ST-023	Vidisha	2024-08-18	600.6	698.3500000000000	2	43844.86
WH-GWL	ST-023	Vidisha	2024-09-12	1702.35	634.8333333333330	3	87261.22
WH-GWL	ST-023	Vidisha	2024-09-18	1581.4	667.2	2	58330.730000000000
WH-GWL	ST-023	Vidisha	2024-09-25	442.4	662.75	2	38646.405
WH-GWL	ST-023	Vidisha	2024-12-14	490.6	634.7	2	54277.84
WH-GWL	ST-024	Vidisha	2024-04-06	1110.6000000000000	637.75	2	60580.09
WH-GWL	ST-024	Vidisha	2024-04-20	643.8	605.9000000000000	2	42702.43
WH-GWL	ST-024	Vidisha	2024-09-05	601.3000000000000	640.15	2	40866.75
WH-GWL	ST-024	Vidisha	2024-10-07	612.1	629.6	2	41673.980000000000
WH-GWL	ST-024	Vidisha	2024-11-03	1152.9	631.95	2	40880.78
WH-GWL	ST-025	Mandsaur	2024-05-14	508.1	778.8	2	81634.77
WH-GWL	ST-025	Mandsaur	2024-07-22	1034.5	803.5	2	66122.53
WH-GWL	ST-025	Mandsaur	2024-10-08	412.0	783.75	2	67887.01000000000
WH-GWL	ST-025	Mandsaur	2024-11-21	1841.9	780.55	2	84644.51
WH-GWL	ST-025	Mandsaur	2025-01-04	1219.4	738.05	2	45511.5
WH-GWL	ST-026	Satna	2024-08-03	1032.7	241.25	2	15594.14
WH-GWL	ST-026	Satna	2024-11-04	856.8	237.35	2	32924.34
WH-GWL	ST-027	Chhindwara	2024-04-22	533.2	593.9	2	49822.89
WH-GWL	ST-027	Chhindwara	2024-07-14	1032.3	574.1	2	51043.04000000000
WH-GWL	ST-027	Chhindwara	2024-08-06	772.5	535.45	2	68741.3
WH-GWL	ST-027	Chhindwara	2024-09-03	996.5	560.9	2	64574.34
WH-GWL	ST-027	Chhindwara	2024-09-30	737.1000000000000	584.35	2	58833.9
WH-GWL	ST-027	Chhindwara	2025-01-11	759.4000000000000	546.85	2	54077.68
WH-GWL	ST-028	Ujjain	2024-04-15	1015.2	582.8	2	61165.67
WH-GWL	ST-028	Ujjain	2024-05-14	1156.2	580.2	2	58082.740000000000
WH-GWL	ST-028	Ujjain	2024-06-19	598.7	602.0666666666670	3	83875.63
WH-GWL	ST-028	Ujjain	2024-09-04	959.4	577.85	2	56398.56
WH-GWL	ST-028	Ujjain	2024-10-09	542.7	555.8	2	53527.15
WH-GWL	ST-028	Ujjain	2024-10-23	1282.7	582.2666666666670	3	55005.66
WH-GWL	ST-028	Ujjain	2024-11-27	661.2	614.35	2	80645.52000000000
WH-GWL	ST-030	Sagar	2024-08-09	717.3	221.75	2	27648.4
WH-GWL	ST-030	Sagar	2024-08-22	1370.4	219.55	2	13966.95
WH-GWL	ST-030	Sagar	2024-12-22	1224.1	225.8	2	26974.9
WH-GWL	ST-031	Jabalpur	2024-05-01	829.6	486.1	2	48527.77
WH-GWL	ST-031	Jabalpur	2024-06-04	2061.2	463.9	2	55278.980000000000
WH-GWL	ST-031	Jabalpur	2024-06-12	1264.8	489.65	2	50086.37
WH-GWL	ST-031	Jabalpur	2024-08-17	1050.6	457.65	2	39267.81
WH-GWL	ST-031	Jabalpur	2024-11-18	1110.0	492.8333333333330	3	59584.090000000000
WH-GWL	ST-032	Mandsaur	2024-08-03	573.5	457.20000000000000	2	36212.07
WH-GWL	ST-032	Mandsaur	2024-10-23	735.4000000000000	440.35	2	45259.13
WH-GWL	ST-033	Indore	2024-07-28	581.85	509.8	2	56719.47
WH-GWL	ST-033	Indore	2024-09-01	379.6	504.1	2	50750.8
WH-GWL	ST-033	Indore	2024-10-17	513.9	486.9	2	34846.270000000000
WH-GWL	ST-034	Satna	2024-06-06	646.1	287.05	2	20214.7
WH-GWL	ST-034	Satna	2024-09-24	985.3	273.0	2	25097.190000000000
WH-GWL	ST-034	Satna	2024-09-26	615.5	295.85	2	19644.02
WH-GWL	ST-035	Rewa	2024-05-11	585.8	462.6	2	34369.5
WH-GWL	ST-035	Rewa	2024-06-21	1094.7	467.05	2	30808.3
WH-GWL	ST-036	Satna	2024-05-05	638.9	102.30000000000000	2	13523.01
WH-GWL	ST-036	Satna	2024-07-25	783.8	102.0	2	11771.14
WH-GWL	ST-036	Satna	2024-09-28	617.7	98.30000000000000	2	9237.56
WH-GWL	ST-036	Satna	2024-09-29	807.3	100.6	2	19695.265
WH-GWL	ST-036	Satna	2024-10-13	974.6	98.45000000000000	2	9856.04
WH-GWL	ST-036	Satna	2024-11-20	1434.5	96.05	2	10937.030000000000
WH-GWL	ST-036	Satna	2024-12-25	323.9	92.45	2	6305.82
WH-GWL	ST-037	Gwalior	2024-04-10	854.0	288.05000000000000	2	23433.88
WH-GWL	ST-037	Gwalior	2024-08-13	660.4	288.0	2	21268.04
WH-GWL	ST-037	Gwalior	2025-01-01	254.40000000000000	296.1	2	26948.7
WH-GWL	ST-038	Dewas	2024-07-06	734.4000000000000	664.7000000000000	3	60002.84
WH-GWL	ST-038	Dewas	2024-08-17	173.0	692.3500000000000	2	60008.68000000000
WH-GWL	ST-039	Indore	2024-05-18	538.9	310.6	2	22090.940000000000
WH-GWL	ST-039	Indore	2024-05-22	1964.6	331.03333333333300	3	42120.72
WH-GWL	ST-039	Indore	2024-06-03	579.5	341.05	2	37540.4
WH-GWL	ST-040	Gwalior	2024-04-14	581.2	191.8	2	19031.380000000000
WH-GWL	ST-040	Gwalior	2024-07-15	410.0	193.65	2	17102.36
WH-GWL	ST-040	Gwalior	2024-09-06	1092.2	199.10000000000000	2	27430.630000000000
WH-IND	ST-001	Gwalior	2024-04-03	235.5	300.75	2	39096.66
WH-IND	ST-001	Gwalior	2024-05-21	790.8	295.0	2	31018.35
WH-IND	ST-001	Gwalior	2024-05-25	1023.5	305.15	2	28978.100000000000
WH-IND	ST-001	Gwalior	2024-10-11	974.1000000000000	274.0	2	18444.77
WH-IND	ST-001	Gwalior	2024-10-15	1422.95	277.93333333333300	3	37641.26
WH-IND	ST-002	Ratlam	2024-07-04	492.3	244.2	2	31972.45
WH-IND	ST-002	Ratlam	2024-08-07	1215.3	236.85	2	25713.760000000000
WH-IND	ST-002	Ratlam	2024-10-02	821.0	246.35000000000000	2	19615.560000000000
WH-IND	ST-002	Ratlam	2024-10-15	681.3000000000000	240.05	2	18394.75
WH-IND	ST-002	Ratlam	2024-11-29	1474.7000000000000	262.05	2	24192.32
WH-IND	ST-002	Ratlam	2025-01-24	444.1	234.2	2	22322.16
WH-IND	ST-003	Jabalpur	2024-10-11	1578.4	266.05	2	17094.57
WH-IND	ST-003	Jabalpur	2024-11-03	679.0	283.9	2	28261.54
WH-IND	ST-003	Jabalpur	2024-11-30	818.4	271.45000000000000	2	21682.920000000000
WH-IND	ST-004	Jabalpur	2024-05-21	584.0	212.6	2	24025.37
WH-IND	ST-004	Jabalpur	2024-06-24	553.2	208.0	2	21838.260000000000
WH-IND	ST-004	Jabalpur	2024-08-24	409.6	212.5	2	18997.27
WH-IND	ST-004	Jabalpur	2024-08-29	689.9	238.15000000000000	2	15472.48
WH-IND	ST-004	Jabalpur	2024-11-19	1594.9000000000000	231.0	2	21047.73
WH-IND	ST-005	Indore	2024-04-27	623.7	393.65	2	22757.08
WH-IND	ST-005	Indore	2024-06-18	1307.4	388.95	2	35576.15
WH-IND	ST-005	Indore	2024-07-13	309.8	419.6	2	37268.64
WH-IND	ST-006	Burhanpur	2024-05-24	533.9000000000000	287.85	2	30614.300000000000
WH-IND	ST-006	Burhanpur	2024-06-21	346.20000000000000	279.5	2	18260.61
WH-IND	ST-006	Burhanpur	2024-07-21	560.1	294.65	2	32180.79
WH-IND	ST-006	Burhanpur	2024-10-17	176.8	290.0	2	39496.010000000000
WH-IND	ST-006	Burhanpur	2025-01-19	1903.4	275.2	2	35621.84
WH-IND	ST-007	Indore	2024-12-28	548.9	333.80000000000000	2	30453.590000000000
WH-IND	ST-007	Indore	2025-01-14	747.0	317.85	2	27621.91
WH-IND	ST-008	Burhanpur	2024-04-18	615.8	111.65	2	13222.3
WH-IND	ST-008	Burhanpur	2024-06-11	1188.5	111.8	2	8009.79
WH-IND	ST-008	Burhanpur	2024-06-15	1081.9	110.5	2	7131.110000000000
WH-IND	ST-008	Burhanpur	2024-06-16	370.0	111.6	2	12912.91
WH-IND	ST-008	Burhanpur	2024-08-09	897.3	108.0	2	11003.16
WH-IND	ST-008	Burhanpur	2024-09-18	1623.4000000000000	117.0	2	15394.400000000000
WH-IND	ST-008	Burhanpur	2025-01-21	359.1	115.2	2	10880.25
WH-IND	ST-009	Vidisha	2024-10-27	855.1	241.2	2	19658.88
WH-IND	ST-009	Vidisha	2024-11-26	1098.6	238.15000000000000	2	14637.12
WH-IND	ST-009	Vidisha	2024-11-27	471.20000000000000	240.85	2	29129.86
WH-IND	ST-009	Vidisha	2025-01-24	164.7	231.3	2	20252.82
WH-IND	ST-010	Khandwa	2024-06-02	535.6	484.8	2	55507.22
WH-IND	ST-011	Bhopal	2024-06-25	361.40000000000000	344.45	2	31539.32
WH-IND	ST-011	Bhopal	2024-08-05	1502.3	375.35	2	37857.33
WH-IND	ST-011	Bhopal	2024-09-26	356.2	370.65	2	18268.64
WH-IND	ST-011	Bhopal	2024-09-27	620.3	346.2	2	18996.83
WH-IND	ST-011	Bhopal	2025-01-11	2220.6	362.30000000000000	2	35117.8
WH-IND	ST-011	Bhopal	2025-01-19	199.10000000000000	346.2	2	18125.86
WH-IND	ST-012	Chhindwara	2024-06-27	678.8	249.15	2	25489.870000000000
WH-IND	ST-012	Chhindwara	2024-11-20	726.4	248.95	2	32124.26
WH-IND	ST-012	Chhindwara	2024-12-10	585.6000000000000	261.6	2	24688.1
WH-IND	ST-012	Chhindwara	2025-01-02	1262.3000000000000	238.85	2	23965.690000000000
WH-IND	ST-013	Khandwa	2024-07-21	462.6	386.3	2	21216.15
WH-IND	ST-013	Khandwa	2024-08-20	1220.3	397.5333333333330	3	45974.06
WH-IND	ST-013	Khandwa	2024-10-04	609.5	393.65	2	26631.75
WH-IND	ST-013	Khandwa	2024-10-24	522.5	378.5	2	31743.810000000000
WH-IND	ST-014	Bhopal	2024-05-09	989.4	458.85	2	32572.11
WH-IND	ST-014	Bhopal	2024-07-12	752.6	466.4	2	51871.72
WH-IND	ST-014	Bhopal	2024-10-17	1538.4	460.4	2	46105.94
WH-IND	ST-014	Bhopal	2024-12-26	263.6	464.05000000000000	2	27079.22
WH-IND	ST-014	Bhopal	2025-01-25	1024.95	491.1	2	45560.81
WH-IND	ST-015	Jabalpur	2024-07-28	845.3000000000000	637.5	2	32976.15
WH-IND	ST-015	Jabalpur	2024-11-14	472.5	615.2	2	68715.06
WH-IND	ST-015	Jabalpur	2024-11-30	479.9	619.8	2	53411.43
WH-IND	ST-016	Chhindwara	2024-05-08	1197.4	318.4	2	41683.620000000000
WH-IND	ST-016	Chhindwara	2024-06-02	858.1	299.6	2	23319.96
WH-IND	ST-016	Chhindwara	2024-07-01	1265.6	301.15	2	28481.85
WH-IND	ST-016	Chhindwara	2024-10-27	413.5	299.1	2	29978.440000000000
WH-IND	ST-017	Khandwa	2024-08-04	626.3	182.1	2	14335.75
WH-IND	ST-017	Khandwa	2025-01-11	1181.2	172.55	2	21680.1
WH-IND	ST-018	Satna	2024-07-25	733.6	420.5	2	33757.82
WH-IND	ST-018	Satna	2024-09-20	1258.6	442.43333333333300	3	53933.83
WH-IND	ST-019	Jabalpur	2024-06-09	921.0	218.85	2	13751.73
WH-IND	ST-019	Jabalpur	2024-06-27	557.9	232.3	2	15063.4
WH-IND	ST-019	Jabalpur	2024-08-20	272.1	212.05	2	15963.75
WH-IND	ST-019	Jabalpur	2024-11-04	1202.2	231.7	2	24277.5
WH-IND	ST-020	Ratlam	2024-04-12	576.4	191.0	2	17053.29
WH-IND	ST-020	Ratlam	2024-05-18	532.5	187.35	2	18550.38
WH-IND	ST-020	Ratlam	2024-05-29	422.9	185.75	2	17858.45
WH-IND	ST-021	Ratlam	2024-04-01	991.3	512.75	2	56913.39
WH-IND	ST-021	Ratlam	2024-08-02	895.1	551.75	2	47314.79
WH-IND	ST-021	Ratlam	2024-11-14	515.7	536.95	2	42108.380000000000
WH-IND	ST-022	Bhopal	2024-04-13	841.7	230.95	2	20444.4
WH-IND	ST-022	Bhopal	2024-05-13	726.5	236.6	2	23124.58
WH-IND	ST-022	Bhopal	2025-01-20	992.4000000000000	258.45	2	20367.9
WH-IND	ST-023	Vidisha	2024-11-24	1050.0	180.4	2	16904.22
WH-IND	ST-024	Vidisha	2024-06-03	1458.9	223.55	2	23710.48
WH-IND	ST-024	Vidisha	2024-06-12	286.70000000000000	229.5	2	15950.74
WH-IND	ST-024	Vidisha	2024-09-27	1469.6000000000000	218.05	2	29420.230000000000
WH-IND	ST-024	Vidisha	2024-10-23	818.6000000000000	222.85	2	22550.65
WH-IND	ST-025	Mandsaur	2024-06-26	1778.3000000000000	236.10000000000000	2	23502.17
WH-IND	ST-025	Mandsaur	2024-07-06	705.4	233.0	2	20515.97
WH-IND	ST-025	Mandsaur	2024-08-03	926.8	238.3	2	16498.25
WH-IND	ST-025	Mandsaur	2024-11-05	202.5	226.6	2	25500.68
WH-IND	ST-026	Satna	2024-08-14	656.9	319.8	2	32046.870000000000
WH-IND	ST-026	Satna	2024-09-06	492.0	343.85	2	47321.34
WH-IND	ST-026	Satna	2024-11-19	558.9	337.6	2	29265.33
WH-IND	ST-026	Satna	2024-12-20	548.2	311.95000000000000	2	31797.620000000000
WH-IND	ST-027	Chhindwara	2024-10-24	1095.0	560.6	2	49359.75
WH-IND	ST-027	Chhindwara	2024-10-27	407.7	605.85	2	63396.29000000000
WH-IND	ST-027	Chhindwara	2024-11-11	1281.0	566.5	2	66943.15
WH-IND	ST-027	Chhindwara	2024-11-15	874.0	612.65	2	54822.0
WH-IND	ST-028	Ujjain	2024-06-10	673.7	207.2	2	11023.970000000000
WH-IND	ST-028	Ujjain	2024-06-15	400.80000000000000	208.95	2	20408.380000000000
WH-IND	ST-028	Ujjain	2024-09-11	282.9	187.7	2	12792.81
WH-IND	ST-028	Ujjain	2024-11-12	520.5	191.15000000000000	2	15866.030000000000
WH-IND	ST-028	Ujjain	2024-11-26	519.0	186.75	2	10138.84
WH-IND	ST-028	Ujjain	2025-01-20	740.1	201.4	2	16423.05
WH-IND	ST-029	Bhopal	2024-04-21	631.7	409.85	2	33083.980000000000
WH-IND	ST-029	Bhopal	2024-05-13	1450.6	413.9	2	37486.53
WH-IND	ST-029	Bhopal	2024-05-29	198.90000000000000	432.25	2	47204.74
WH-IND	ST-029	Bhopal	2024-07-11	462.9	421.85	2	40465.45
WH-IND	ST-029	Bhopal	2024-08-07	842.4	437.3	2	35695.980000000000
WH-IND	ST-029	Bhopal	2024-10-11	1092.1	422.80000000000000	2	45098.55
WH-IND	ST-029	Bhopal	2024-12-08	767.8	415.4	2	28134.43
WH-IND	ST-030	Sagar	2024-04-14	625.3	356.0	2	29086.120000000000
WH-IND	ST-030	Sagar	2024-04-21	1762.6000000000000	354.7	2	38268.15
WH-IND	ST-030	Sagar	2024-09-18	684.9	356.3	2	18222.620000000000
WH-IND	ST-030	Sagar	2024-09-28	195.9	380.70000000000000	2	36095.88
WH-IND	ST-030	Sagar	2024-12-29	258.7	373.25	2	24665.22
WH-IND	ST-031	Jabalpur	2024-04-22	866.5	261.3	2	24809.03
WH-IND	ST-031	Jabalpur	2024-04-28	1328.6	265.35	2	21638.66
WH-IND	ST-031	Jabalpur	2024-05-20	946.1000000000000	242.25	2	15369.280000000000
WH-IND	ST-031	Jabalpur	2024-06-30	1029.3000000000000	251.95	2	25431.490000000000
WH-IND	ST-031	Jabalpur	2024-07-06	447.20000000000000	255.05	2	27781.85
WH-IND	ST-031	Jabalpur	2025-01-03	324.6	254.55	2	29825.285
WH-IND	ST-032	Mandsaur	2024-05-07	951.4000000000000	559.9000000000000	2	38689.6
WH-IND	ST-032	Mandsaur	2024-06-03	1535.9000000000000	593.25	2	46088.21
WH-IND	ST-032	Mandsaur	2024-12-31	487.4	551.1500000000000	2	34973.5
WH-IND	ST-033	Indore	2024-05-05	750.9	285.7	2	31889.07
WH-IND	ST-033	Indore	2024-08-20	618.2	283.5	2	26484.14
WH-IND	ST-033	Indore	2024-08-28	675.7	297.2	2	27845.16
WH-IND	ST-033	Indore	2024-08-31	598.4	288.6	2	25559.47
WH-IND	ST-033	Indore	2024-12-25	402.8	296.55	2	14915.82
WH-IND	ST-034	Satna	2024-04-20	607.3	338.6	2	30811.45
WH-IND	ST-034	Satna	2024-04-22	1581.2000000000000	330.7	2	30393.21
WH-IND	ST-034	Satna	2024-08-24	507.7	340.7	2	32763.56
WH-IND	ST-034	Satna	2024-11-14	900.8	336.9	2	37682.38
WH-IND	ST-035	Rewa	2024-06-21	1452.3	150.3	2	10454.55
WH-IND	ST-035	Rewa	2024-09-18	447.7	150.4	2	20781.045
WH-IND	ST-035	Rewa	2024-10-02	532.2	147.75	2	9325.52
WH-IND	ST-035	Rewa	2024-10-26	1076.4	148.7	2	14561.420000000000
WH-IND	ST-035	Rewa	2024-11-18	703.1000000000000	153.65000000000000	2	16831.51
WH-IND	ST-035	Rewa	2024-12-07	708.0	148.15	2	12630.81
WH-IND	ST-036	Satna	2024-05-22	700.2	658.15	2	59231.08
WH-IND	ST-036	Satna	2024-08-24	1031.6	651.65	2	80622.14
WH-IND	ST-036	Satna	2024-12-21	800.9000000000000	648.5	2	63020.99
WH-IND	ST-036	Satna	2025-01-19	566.1	607.6500000000000	2	50542.920000000000
WH-IND	ST-037	Gwalior	2024-07-11	358.1	429.70000000000000	2	47837.54000000000
WH-IND	ST-037	Gwalior	2024-10-25	503.70000000000000	410.85	2	36782.92
WH-IND	ST-037	Gwalior	2024-11-02	1144.5	399.05000000000000	2	38506.71
WH-IND	ST-038	Dewas	2024-06-12	582.75	426.95	2	37161.020000000000
WH-IND	ST-038	Dewas	2024-10-01	950.0	457.85	2	57955.270000000000
WH-IND	ST-038	Dewas	2024-12-26	623.5	455.4	2	38272.83
WH-IND	ST-039	Indore	2024-05-04	1123.5	259.15	2	33527.6
WH-IND	ST-039	Indore	2024-05-14	1100.8	247.45	2	23807.740000000000
WH-IND	ST-039	Indore	2024-06-23	618.35	264.35	2	21301.94
WH-IND	ST-040	Gwalior	2024-04-22	1933.0	668.9	2	84543.92
WH-IND	ST-040	Gwalior	2024-05-13	613.6000000000000	691.2	2	37276.1
WH-IND	ST-040	Gwalior	2024-08-08	1098.5	673.35	2	42912.33
WH-IND	ST-040	Gwalior	2024-08-23	877.0	667.65	2	39194.9
WH-IND	ST-040	Gwalior	2024-09-07	586.7	667.8	2	77110.34
WH-IND	ST-040	Gwalior	2024-09-10	1279.6	675.3	2	65603.84
WH-JBP	ST-002	Ratlam	2024-05-23	400.6	694.0	2	64706.64
WH-JBP	ST-002	Ratlam	2024-08-20	832.4000000000000	719.1000000000000	2	58423.8
WH-JBP	ST-002	Ratlam	2024-09-25	458.8	733.05	2	101002.09
WH-JBP	ST-003	Jabalpur	2024-05-21	706.0	778.15	2	38117.42
WH-JBP	ST-003	Jabalpur	2024-06-29	1099.9000000000000	749.5	2	50820.95
WH-JBP	ST-003	Jabalpur	2024-11-28	408.7	736.15	2	40656.89
WH-JBP	ST-004	Jabalpur	2024-08-28	855.5	395.9	2	38927.7
WH-JBP	ST-004	Jabalpur	2024-11-30	880.4000000000000	407.65	2	21155.11
WH-JBP	ST-004	Jabalpur	2024-12-08	668.6	404.1	2	38486.67
WH-JBP	ST-004	Jabalpur	2025-01-10	671.3	398.55	2	41834.67
WH-JBP	ST-005	Indore	2024-08-02	866.0	191.45	2	15418.690000000000
WH-JBP	ST-005	Indore	2024-12-08	520.1	192.15000000000000	2	18881.05
WH-JBP	ST-005	Indore	2024-12-13	658.4	196.55	2	11718.59
WH-JBP	ST-006	Burhanpur	2024-06-21	794.5	323.80000000000000	2	31846.030000000000
WH-JBP	ST-006	Burhanpur	2024-07-11	325.6	354.6	2	22226.23
WH-JBP	ST-006	Burhanpur	2024-07-14	602.2	353.85	2	28758.8
WH-JBP	ST-006	Burhanpur	2024-07-30	1429.0	318.55000000000000	2	34973.85
WH-JBP	ST-006	Burhanpur	2024-08-11	2076.4	334.55	2	37244.5
WH-JBP	ST-006	Burhanpur	2024-12-28	913.2	345.80000000000000	2	45045.770000000000
WH-JBP	ST-007	Indore	2024-04-02	558.1	701.6500000000000	2	34460.08
WH-JBP	ST-007	Indore	2024-04-12	389.60000000000000	655.55	2	51938.06
WH-JBP	ST-007	Indore	2024-08-16	1345.4000000000000	698.6	2	89887.4
WH-JBP	ST-007	Indore	2024-08-22	973.6000000000000	685.45	2	68277.45
WH-JBP	ST-007	Indore	2024-08-27	433.3	641.2	2	56417.120000000000
WH-JBP	ST-007	Indore	2025-01-07	805.7	655.4000000000000	2	44448.04000000000
WH-JBP	ST-008	Burhanpur	2024-04-13	835.9	644.3000000000000	3	74706.9
WH-JBP	ST-008	Burhanpur	2024-09-25	1095.1	624.1666666666670	3	118087.74
WH-JBP	ST-008	Burhanpur	2025-01-18	446.8	656.8000000000000	3	88239.41
WH-JBP	ST-009	Vidisha	2024-04-21	1186.6	533.25	2	54206.67
WH-JBP	ST-009	Vidisha	2024-05-07	1022.6	534.25	2	57227.22
WH-JBP	ST-009	Vidisha	2024-05-31	379.7	553.7	2	44482.39
WH-JBP	ST-009	Vidisha	2024-06-03	572.6	521.5	2	63683.58
WH-JBP	ST-009	Vidisha	2024-08-20	498.1	532.8500000000000	2	36272.68
WH-JBP	ST-009	Vidisha	2024-08-29	671.4000000000000	537.8	2	34986.3
WH-JBP	ST-010	Khandwa	2024-09-05	555.8	414.3	2	29174.340000000000
WH-JBP	ST-010	Khandwa	2024-12-08	1025.0	431.05000000000000	2	41565.3
WH-JBP	ST-011	Bhopal	2024-04-01	741.0	383.25	2	48691.730000000000
WH-JBP	ST-011	Bhopal	2024-05-10	665.8	375.7	2	37490.34
WH-JBP	ST-011	Bhopal	2024-08-04	608.6	411.05	2	43579.29
WH-JBP	ST-011	Bhopal	2024-08-11	621.1	420.05	2	40031.83
WH-JBP	ST-011	Bhopal	2024-09-16	1592.3	393.2	3	78315.22
WH-JBP	ST-011	Bhopal	2025-01-20	769.2	405.76666666666700	3	47453.990000000000
WH-JBP	ST-012	Chhindwara	2024-04-30	477.30000000000000	619.1500000000000	2	67080.51
WH-JBP	ST-012	Chhindwara	2024-07-03	476.1	623.85	2	39283.18
WH-JBP	ST-012	Chhindwara	2024-08-28	1110.5	589.45	2	57845.83
WH-JBP	ST-012	Chhindwara	2024-12-10	1068.6	589.3	2	54449.61
WH-JBP	ST-012	Chhindwara	2024-12-16	621.5	623.5	2	36965.415
WH-JBP	ST-013	Khandwa	2024-08-04	636.1	212.8	2	11435.150000000000
WH-JBP	ST-013	Khandwa	2024-11-11	1702.7	212.35	2	16701.25
WH-JBP	ST-014	Bhopal	2024-06-01	834.4000000000000	221.45	2	12159.1
WH-JBP	ST-014	Bhopal	2024-07-29	1591.8	209.25	2	19092.49
WH-JBP	ST-014	Bhopal	2024-07-30	353.2	209.1	2	25341.11
WH-JBP	ST-014	Bhopal	2024-12-18	1453.2000000000000	214.8	2	17167.14
WH-JBP	ST-015	Jabalpur	2024-04-29	658.9	360.15	2	38629.56
WH-JBP	ST-015	Jabalpur	2024-05-20	1116.6	341.65	2	20706.13
WH-JBP	ST-015	Jabalpur	2024-06-08	714.5	352.45	2	23533.47
WH-JBP	ST-015	Jabalpur	2024-06-13	599.6	350.0	2	23346.93
WH-JBP	ST-015	Jabalpur	2024-09-30	838.2	326.45	2	43373.93
WH-JBP	ST-015	Jabalpur	2024-12-02	997.3	349.1	2	26284.97
WH-JBP	ST-016	Chhindwara	2024-09-01	916.7	268.4	2	18109.8
WH-JBP	ST-016	Chhindwara	2024-12-06	222.6	297.15	2	20930.0
WH-JBP	ST-016	Chhindwara	2024-12-20	1146.0	270.9	2	24296.02
WH-JBP	ST-017	Khandwa	2024-05-26	723.8	552.05	2	36606.87
WH-JBP	ST-017	Khandwa	2024-07-01	380.0	512.1	2	44700.510000000000
WH-JBP	ST-017	Khandwa	2024-09-14	1088.6000000000000	503.70000000000000	2	61886.62
WH-JBP	ST-017	Khandwa	2024-11-26	892.4	547.45	2	44616.56
WH-JBP	ST-017	Khandwa	2024-12-06	1325.05	548.75	2	43227.630000000000
WH-JBP	ST-017	Khandwa	2025-01-26	754.6	559.85	2	50650.69
WH-JBP	ST-018	Satna	2024-07-12	1260.5	284.55	2	34637.33
WH-JBP	ST-018	Satna	2024-07-28	1003.7	305.56666666666700	3	46213.49
WH-JBP	ST-018	Satna	2024-11-06	670.0	306.1	2	30378.22
WH-JBP	ST-018	Satna	2025-01-13	341.2	281.25	2	27460.33
WH-JBP	ST-019	Jabalpur	2024-05-18	365.5	658.95	2	74562.55
WH-JBP	ST-019	Jabalpur	2024-06-10	558.5	621.65	2	82590.87
WH-JBP	ST-019	Jabalpur	2024-08-10	769.6	632.45	2	61137.83
WH-JBP	ST-019	Jabalpur	2024-12-03	163.8	624.85	2	41072.05
WH-JBP	ST-019	Jabalpur	2025-01-09	919.1	678.4000000000000	2	55874.04000000000
WH-JBP	ST-020	Ratlam	2024-04-01	1147.8000000000000	485.2	2	51611.66
WH-JBP	ST-020	Ratlam	2024-04-05	481.1	498.0	2	45783.17
WH-JBP	ST-021	Ratlam	2024-06-07	913.2	203.65000000000000	2	15118.08
WH-JBP	ST-021	Ratlam	2024-08-07	785.8	206.90000000000000	2	21801.72
WH-JBP	ST-021	Ratlam	2024-11-02	449.3	204.65	2	16052.52
WH-JBP	ST-021	Ratlam	2024-11-14	596.7	216.2	2	18428.490000000000
WH-JBP	ST-022	Bhopal	2024-05-04	1039.6	775.1333333333330	3	114165.92
WH-JBP	ST-022	Bhopal	2024-10-20	502.70000000000000	770.9000000000000	2	40035.44
WH-JBP	ST-022	Bhopal	2025-01-25	1022.2	772.7	2	35409.115000000000
WH-JBP	ST-023	Vidisha	2024-04-09	1059.4	742.95	2	57395.84
WH-JBP	ST-023	Vidisha	2024-04-19	490.70000000000000	735.6500000000000	2	78288.10000000000
WH-JBP	ST-023	Vidisha	2024-08-12	742.9	691.0	2	48785.79000000000
WH-JBP	ST-023	Vidisha	2024-10-01	775.0	711.2	2	88348.28
WH-JBP	ST-024	Vidisha	2024-04-21	866.8	394.0	2	53760.29
WH-JBP	ST-024	Vidisha	2024-07-14	1151.0	400.6	2	51131.37
WH-JBP	ST-024	Vidisha	2024-08-11	1176.2	398.2	2	53388.46
WH-JBP	ST-024	Vidisha	2024-11-23	908.7	397.9	2	47853.150000000000
WH-JBP	ST-025	Mandsaur	2024-05-12	1122.5	701.85	2	77551.45
WH-JBP	ST-025	Mandsaur	2024-06-18	271.5	694.65	2	39587.18000000000
WH-JBP	ST-025	Mandsaur	2024-11-29	894.9	700.7	2	47305.42
WH-JBP	ST-025	Mandsaur	2024-12-13	781.8	690.95	2	87575.27000000000
WH-JBP	ST-026	Satna	2024-05-03	767.1000000000000	472.05	2	60551.42
WH-JBP	ST-026	Satna	2024-05-18	754.7	462.7	2	24004.0
WH-JBP	ST-026	Satna	2024-08-29	287.1	491.2	2	36294.85
WH-JBP	ST-027	Chhindwara	2024-07-26	316.8	91.25	2	8928.220000000000
WH-JBP	ST-027	Chhindwara	2024-08-07	962.6	93.4	2	6258.23
WH-JBP	ST-027	Chhindwara	2024-10-10	843.1000000000000	91.05	2	12127.99
WH-JBP	ST-028	Ujjain	2024-04-08	414.2	718.6	2	94821.85
WH-JBP	ST-028	Ujjain	2025-01-22	639.9	686.75	2	70059.27
WH-JBP	ST-029	Bhopal	2024-04-13	1515.1	742.3	2	44263.025
WH-JBP	ST-029	Bhopal	2024-05-24	844.8	672.3	2	54914.03
WH-JBP	ST-029	Bhopal	2024-07-24	611.5	756.2	2	39732.32
WH-JBP	ST-029	Bhopal	2024-08-25	728.5	764.1	2	77167.55000000000
WH-JBP	ST-029	Bhopal	2024-10-10	1264.3	764.0333333333330	3	91699.03
WH-JBP	ST-030	Sagar	2024-08-11	1619.8	507.35000000000000	2	34607.490000000000
WH-JBP	ST-030	Sagar	2024-10-19	961.4000000000000	527.65	2	32969.480000000000
WH-JBP	ST-030	Sagar	2024-12-11	1151.1	523.5	2	45512.19
WH-JBP	ST-030	Sagar	2025-01-14	706.1	485.45000000000000	2	48470.55
WH-JBP	ST-031	Jabalpur	2024-08-27	571.3	260.9	2	22032.810000000000
WH-JBP	ST-031	Jabalpur	2024-09-03	615.7	283.85	2	25896.14
WH-JBP	ST-031	Jabalpur	2024-12-05	495.1	280.65	2	14796.43
WH-JBP	ST-031	Jabalpur	2024-12-21	1242.0	263.95	2	20024.120000000000
WH-JBP	ST-032	Mandsaur	2024-04-28	640.1	79.75	2	5309.48
WH-JBP	ST-032	Mandsaur	2024-06-13	1329.4	85.25	2	7731.23
WH-JBP	ST-032	Mandsaur	2024-12-27	816.3	82.4	2	4252.63
WH-JBP	ST-033	Indore	2025-01-12	524.4000000000000	673.25	2	49993.61
WH-JBP	ST-034	Satna	2024-04-14	377.5	539.95	2	39188.630000000000
WH-JBP	ST-034	Satna	2024-05-10	1766.5	552.9000000000000	2	47879.25
WH-JBP	ST-034	Satna	2024-10-18	592.0	554.45	2	45311.48
WH-JBP	ST-034	Satna	2025-01-11	915.8000000000000	539.2	2	42276.11
WH-JBP	ST-035	Rewa	2024-05-18	432.3	386.35	2	49764.88
WH-JBP	ST-035	Rewa	2024-06-07	401.70000000000000	414.05	2	33434.21
WH-JBP	ST-035	Rewa	2024-08-04	638.1	370.35	2	37897.58
WH-JBP	ST-035	Rewa	2025-01-03	1159.6	375.05	2	25779.92
WH-JBP	ST-036	Satna	2024-07-31	1161.3000000000000	443.75	2	38300.95
WH-JBP	ST-036	Satna	2024-10-10	824.8000000000000	439.65	2	44897.56
WH-JBP	ST-036	Satna	2024-10-17	400.1	434.25	2	30207.740000000000
WH-JBP	ST-036	Satna	2024-10-25	1191.7000000000000	442.5	2	31799.47
WH-JBP	ST-036	Satna	2025-01-10	631.3	476.5	2	43324.63
WH-JBP	ST-037	Gwalior	2024-05-02	617.5	616.0	2	67468.25
WH-JBP	ST-037	Gwalior	2024-10-30	353.8	619.6000000000000	2	30836.11
WH-JBP	ST-037	Gwalior	2025-01-04	614.5	642.9	2	62502.090000000000
WH-JBP	ST-038	Dewas	2024-05-14	345.7	268.65	2	22298.32
WH-JBP	ST-038	Dewas	2024-08-26	589.3	292.3	2	16234.65
WH-JBP	ST-038	Dewas	2024-10-11	917.8	270.05	2	27614.7
WH-JBP	ST-038	Dewas	2024-12-21	1125.7	279.25	2	18498.92
WH-JBP	ST-040	Gwalior	2024-05-15	229.7	374.35	2	29558.380000000000
WH-JBP	ST-040	Gwalior	2024-05-29	587.7000000000000	406.95	2	21104.020000000000
WH-JBP	ST-040	Gwalior	2024-06-07	671.7	420.45	2	30138.35
WH-JBP	ST-040	Gwalior	2024-08-24	880.5	407.95	2	39362.05
WH-JBP	ST-040	Gwalior	2024-11-21	354.9	401.95	2	28357.76
WH-JBP	ST-040	Gwalior	2024-11-27	634.6	398.2	2	44343.240000000000
