warehouse_id,store_id,store_city,order_date,total_weight_kg,distance_km,shipment_count,current_total_cost,habitual_mode,current_trips,current_cost_recalc,week,opt_trips_medium,opt_trips_lcv,opt_trips_mini,opt_cost
WH-BPL,ST-002,Ratlam,2025-01-01,548.4,444.55,2,29911.37,Mini Truck,1,10669.2,1,0.0,0.0,1.0,10669.2
WH-BPL,ST-014,Bhopal,2025-01-03,921.9,253.85,2,22071.38,Medium Truck,1,14723.3,1,0.0,1.0,0.0,9392.449999999999
WH-BPL,ST-027,Chhindwara,2025-01-05,566.2,395.85,2,38342.67,Medium Truck,1,22959.300000000003,1,0.0,1.0,0.0,14646.45
WH-BPL,ST-034,Satna,2025-01-01,263.5,299.9,2,31469.14,LCV,1,11096.3,1,0.0,1.0,0.0,11096.3
WH-BPL,ST-038,Dewas,2024-12-30,414.0,331.6,2,16695.510000000002,Mini Truck,1,7958.400000000001,1,0.0,1.0,0.0,12269.2
WH-BPL,ST-017,Khandwa,2025-01-10,1536.1,270.95,2,21227.47,LCV,2,20050.3,2,0.0,1.0,1.0,16527.949999999997
WH-BPL,ST-018,Satna,2025-01-12,678.4,224.1,2,23232.6,Mini Truck,1,5378.4,2,0.0,1.0,0.0,8291.699999999999
WH-BPL,ST-020,Ratlam,2025-01-07,888.3,287.35,2,19405.75,Mini Truck,2,13792.800000000001,2,0.0,1.0,0.0,10631.95
WH-BPL,ST-022,Bhopal,2025-01-12,903.9,446.1,2,39396.98,Mini Truck,2,21412.800000000003,2,0.0,1.0,0.0,16505.7
WH-BPL,ST-028,Ujjain,2025-01-10,1222.5,380.05,2,27164.74,LCV,1,14061.85,2,0.0,1.0,0.0,14061.85
WH-BPL,ST-031,Jabalpur,2025-01-11,1099.5,88.59999999999998,3,17532.95,Medium Truck,1,5138.799999999999,2,0.0,1.0,0.0,3278.1999999999994
WH-BPL,ST-003,Jabalpur,2025-01-18,1148.2,392.5,2,40932.16,Medium Truck,1,22765.0,3,0.0,1.0,0.0,14522.5
WH-BPL,ST-014,Bhopal,2025-01-16,320.5,281.3,2,36622.54,Medium Truck,1,16315.400000000001,3,0.0,1.0,0.0,10408.1
WH-BPL,ST-028,Ujjain,2025-01-16,735.0,349.25,2,49932.380000000005,Medium Truck,1,20256.5,3,0.0,1.0,0.0,12922.25
WH-BPL,ST-031,Jabalpur,2025-01-19,470.0,86.1,2,5172.51,LCV,1,3185.7,3,0.0,1.0,0.0,3185.7
WH-BPL,ST-034,Satna,2025-01-17,523.3,286.15,2,19420.26,LCV,1,10587.55,3,0.0,1.0,0.0,10587.55
WH-BPL,ST-038,Dewas,2025-01-16,642.7,311.25,2,27537.65,Mini Truck,1,7470.0,3,0.0,1.0,0.0,11516.25
WH-BPL,ST-027,Chhindwara,2025-01-26,1080.9,394.7000000000001,2,50454.33,Medium Truck,1,22892.600000000006,4,0.0,1.0,0.0,14603.900000000003
WH-BPL,ST-031,Jabalpur,2025-01-21,917.6,84.80000000000001,2,9771.5,LCV,1,3137.6000000000004,4,0.0,1.0,0.0,3137.6000000000004
WH-BPL,ST-032,Mandsaur,2025-01-21,1019.5,391.8,2,43443.22,LCV,1,14496.6,4,0.0,1.0,0.0,14496.6
WH-BPL,ST-034,Satna,2025-01-21,1644.0,306.85,2,34843.97,LCV,2,22706.9,4,0.0,1.0,1.0,18717.850000000002
WH-BPL,ST-039,Indore,2025-01-20,679.7,115.5,2,8729.21,LCV,1,4273.5,4,0.0,1.0,0.0,4273.5
WH-BPL,ST-006,Burhanpur,2024-04-06,1011.0,203.6,2,14005.45,LCV,1,7533.2,14,0.0,1.0,0.0,7533.2
WH-BPL,ST-007,Indore,2024-04-05,938.7,399.4,2,38107.48,Mini Truck,2,19171.199999999997,14,0.0,1.0,0.0,14777.8
WH-BPL,ST-018,Satna,2024-04-05,942.0,234.4,2,21950.800000000003,Medium Truck,1,13595.2,14,0.0,1.0,0.0,8672.800000000001
WH-BPL,ST-037,Gwalior,2024-04-05,235.8,412.6,2,56527.25,Medium Truck,1,23930.800000000003,14,0.0,1.0,0.0,15266.2
WH-BPL,ST-003,Jabalpur,2024-04-12,563.7,435.75,2,30976.6,Mini Truck,1,10458.0,15,0.0,1.0,0.0,16122.75
WH-BPL,ST-023,Vidisha,2024-04-10,1803.0,392.4,2,43292.77,Medium Truck,1,22759.199999999997,15,0.0,2.0,0.0,29037.6
WH-BPL,ST-029,Bhopal,2024-04-13,695.8,438.0,2,27128.81,LCV,1,16206.0,15,0.0,1.0,0.0,16206.0
WH-BPL,ST-005,Indore,2024-04-15,1132.6,184.0,2,20721.05,Medium Truck,1,10672.0,16,0.0,1.0,0.0,6808.0
WH-BPL,ST-015,Jabalpur,2024-04-17,1060.3,440.85,2,38634.05,Medium Truck,1,25569.300000000003,16,0.0,1.0,0.0,16311.45
WH-BPL,ST-023,Vidisha,2024-04-18,738.2,395.1333333333334,3,45104.83,Mini Truck,1,9483.2,16,0.0,1.0,0.0,14619.933333333334
WH-BPL,ST-025,Mandsaur,2024-04-20,688.2,423.6,2,30623.54,Mini Truck,1,10166.400000000001,16,0.0,0.0,1.0,10166.400000000001
WH-BPL,ST-031,Jabalpur,2024-04-20,1253.7,90.8,2,8647.2,Medium Truck,1,5266.4,16,0.0,1.0,0.0,3359.6
WH-BPL,ST-035,Rewa,2024-04-18,283.0,60.15,2,4250.77,Mini Truck,1,1443.6,16,0.0,1.0,0.0,2225.5499999999997
WH-BPL,ST-039,Indore,2024-04-17,773.85,124.9,2,14454.11,LCV,1,4621.3,16,0.0,1.0,0.0,4621.3
WH-BPL,ST-013,Khandwa,2024-04-28,1607.1,182.9,2,13284.52,LCV,2,13534.6,17,0.0,2.0,0.0,13534.6
WH-BPL,ST-024,Vidisha,2024-04-23,747.8,210.05,2,26112.07,Medium Truck,1,12182.900000000001,17,0.0,1.0,0.0,7771.85
WH-BPL,ST-029,Bhopal,2024-04-27,628.4000000000001,456.1,2,24093.59,Mini Truck,1,10946.400000000001,17,0.0,1.0,0.0,16875.7
WH-BPL,ST-013,Khandwa,2024-05-01,1351.5,175.25,2,20814.13,Medium Truck,1,10164.5,18,0.0,1.0,0.0,6484.25
WH-BPL,ST-021,Ratlam,2024-05-05,436.0,313.20000000000005,2,22130.49,Mini Truck,1,7516.800000000001,18,0.0,0.0,1.0,7516.800000000001
WH-BPL,ST-027,Chhindwara,2024-04-30,1267.8,404.85,2,30889.39,LCV,1,14979.45,18,0.0,1.0,0.0,14979.45
WH-BPL,ST-002,Ratlam,2024-05-06,795.1,451.05,2,62683.96,Medium Truck,1,26160.9,19,0.0,1.0,0.0,16688.850000000002
WH-BPL,ST-032,Mandsaur,2024-05-06,849.4000000000001,381.5,2,38979.47,Medium Truck,1,22127.0,19,0.0,1.0,0.0,14115.5
WH-BPL,ST-023,Vidisha,2024-05-14,1358.5,389.35,2,47598.05,Medium Truck,1,22582.300000000003,20,0.0,1.0,0.0,14405.95
WH-BPL,ST-030,Sagar,2024-05-18,412.9,287.15,2,15243.69,Mini Truck,1,6891.599999999999,20,0.0,1.0,0.0,10624.55
WH-BPL,ST-040,Gwalior,2024-05-15,109.1,475.5,2,51050.58,Medium Truck,1,27579.0,20,0.0,0.0,1.0,11412.0
WH-BPL,ST-004,Jabalpur,2024-05-24,443.0,196.0,2,20988.44,Medium Truck,1,11368.0,21,0.0,1.0,0.0,7252.0
WH-BPL,ST-009,Vidisha,2024-05-23,515.3,317.0,2,21771.13,Mini Truck,1,7608.0,21,0.0,1.0,0.0,11729.0
WH-BPL,ST-016,Chhindwara,2024-05-21,619.1,182.3,2,17306.24,Medium Truck,1,10573.400000000001,21,0.0,1.0,0.0,6745.1
WH-BPL,ST-020,Ratlam,2024-05-26,791.1,262.1,2,15523.34,Mini Truck,2,12580.800000000001,21,0.0,1.0,0.0,9697.7
WH-BPL,ST-037,Gwalior,2024-05-20,1552.0,378.75,2,24734.02,LCV,2,28027.5,21,0.0,1.0,1.0,23103.75
WH-BPL,ST-005,Indore,2024-06-02,615.3,175.10000000000002,2,9091.69,Mini Truck,1,4202.400000000001,22,0.0,1.0,0.0,6478.700000000001
WH-BPL,ST-031,Jabalpur,2024-06-01,911.6,84.30000000000001,2,4806.530000000001,Mini Truck,2,4046.4000000000005,22,0.0,1.0,0.0,3119.1000000000004
WH-BPL,ST-038,Dewas,2024-05-29,252.9,317.8666666666667,3,50799.100000000006,Medium Truck,1,18436.266666666666,22,0.0,1.0,0.0,11761.066666666668
WH-BPL,ST-018,Satna,2024-06-08,696.7,234.7,2,16413.690000000002,LCV,1,8683.9,23,0.0,1.0,0.0,8683.9
WH-BPL,ST-019,Jabalpur,2024-06-04,390.5,312.1,2,33659.11,LCV,1,11547.7,23,0.0,1.0,0.0,11547.7
WH-BPL,ST-022,Bhopal,2024-06-05,1190.4,457.4500000000001,2,56780.66,Medium Truck,1,26532.100000000006,23,0.0,1.0,0.0,16925.650000000005
WH-BPL,ST-022,Bhopal,2024-06-06,1801.6,443.9,3,57174.09,Mini Truck,3,31960.799999999996,23,0.0,2.0,0.0,32848.6
WH-BPL,ST-033,Indore,2024-06-07,521.5,362.5,2,19256.53,Mini Truck,1,8700.0,23,0.0,1.0,0.0,13412.5
WH-BPL,ST-037,Gwalior,2024-06-09,1308.1,387.7,4,45816.97,Mini Truck,2,18609.6,23,0.0,1.0,0.0,14344.9
WH-BPL,ST-012,Chhindwara,2024-06-13,1062.6999999999998,389.95,2,28853.98,LCV,1,14428.15,24,0.0,1.0,0.0,14428.15
WH-BPL,ST-031,Jabalpur,2024-06-16,1117.6999999999998,83.3,2,8580.16,LCV,1,3082.1,24,0.0,1.0,0.0,3082.1
WH-BPL,ST-039,Indore,2024-06-10,628.7,123.75,2,14798.92,Medium Truck,1,7177.5,24,0.0,0.0,1.0,2970.0
WH-BPL,ST-004,Jabalpur,2024-06-21,1432.2,203.7,3,16615.16,Mini Truck,2,9777.599999999999,25,0.0,1.0,0.0,7536.9
WH-BPL,ST-009,Vidisha,2024-06-21,894.1999999999999,326.29999999999995,2,20711.92,LCV,1,12073.099999999999,25,0.0,1.0,0.0,12073.099999999999
WH-BPL,ST-033,Indore,2024-06-19,1569.6,399.25,2,40028.91,Medium Truck,1,23156.5,25,0.0,1.0,1.0,24354.25
WH-BPL,ST-005,Indore,2024-06-29,1389.1,186.3,2,20136.72,Medium Truck,1,10805.400000000001,26,0.0,1.0,0.0,6893.1
WH-BPL,ST-021,Ratlam,2024-06-28,1052.3,333.05,2,28476.11,LCV,1,12322.85,26,0.0,1.0,0.0,12322.85
WH-BPL,ST-022,Bhopal,2024-06-26,268.2,457.55,2,45347.25,Medium Truck,1,26537.9,26,0.0,1.0,0.0,16929.350000000002
WH-BPL,ST-032,Mandsaur,2024-06-24,623.4,368.6,2,38554.94,LCV,1,13638.2,26,0.0,1.0,0.0,13638.2
WH-BPL,ST-032,Mandsaur,2024-06-29,427.0,365.7,2,18487.34,Mini Truck,1,8776.8,26,0.0,1.0,0.0,13530.9
WH-BPL,ST-037,Gwalior,2024-06-30,704.8,399.35,2,26817.84,Mini Truck,1,9584.400000000001,26,0.0,1.0,0.0,14775.95
WH-BPL,ST-040,Gwalior,2024-06-25,627.5,485.8,2,46848.69,LCV,1,17974.600000000002,26,0.0,1.0,0.0,17974.600000000002
WH-BPL,ST-011,Bhopal,2024-07-05,863.0,226.2,2,19327.41,LCV,1,8369.4,27,0.0,1.0,0.0,8369.4
WH-BPL,ST-014,Bhopal,2024-07-03,329.6,259.65,2,26991.18,LCV,1,9607.05,27,0.0,1.0,0.0,9607.05
WH-BPL,ST-026,Satna,2024-07-07,1283.1,255.45,2,23406.3,Mini Truck,2,12261.599999999999,27,0.0,1.0,0.0,9451.65
WH-BPL,ST-029,Bhopal,2024-07-07,275.79999999999995,469.45,2,56812.67,Medium Truck,1,27228.1,27,0.0,1.0,0.0,17369.649999999998
WH-BPL,ST-013,Khandwa,2024-07-10,816.0999999999999,177.89999999999998,2,17317.22,Medium Truck,1,10318.199999999999,28,0.0,1.0,0.0,6582.299999999999
WH-BPL,ST-025,Mandsaur,2024-07-13,1139.1999999999998,428.85,2,50376.88,Medium Truck,1,24873.300000000003,28,0.0,1.0,0.0,15867.45
WH-BPL,ST-038,Dewas,2024-07-11,1262.8,341.20000000000005,2,23030.38,Mini Truck,2,16377.600000000002,28,0.0,1.0,0.0,12624.400000000001
WH-BPL,ST-040,Gwalior,2024-07-11,1176.6,468.9,2,38976.69,LCV,1,17349.3,28,0.0,1.0,0.0,17349.3
WH-BPL,ST-007,Indore,2024-07-15,1086.1,397.4666666666667,3,43553.94,Mini Truck,2,19078.4,29,0.0,1.0,0.0,14706.266666666668
WH-BPL,ST-016,Chhindwara,2024-07-21,693.2,168.89999999999998,2,9385.38,Mini Truck,1,4053.5999999999995,29,0.0,1.0,0.0,6249.299999999999
WH-BPL,ST-024,Vidisha,2024-07-17,1024.0,207.9,2,13088.64,Mini Truck,2,9979.2,29,0.0,1.0,0.0,7692.3
WH-BPL,ST-037,Gwalior,2024-07-15,693.2,408.5,2,47714.66,LCV,1,15114.5,29,0.0,1.0,0.0,15114.5
WH-BPL,ST-001,Gwalior,2024-07-23,439.9,416.8,2,29382.0,Mini Truck,1,10003.2,30,0.0,1.0,0.0,15421.6
WH-BPL,ST-001,Gwalior,2024-07-30,802.75,391.4,2,28788.76,LCV,1,14481.8,31,0.0,1.0,0.0,14481.8
WH-BPL,ST-008,Burhanpur,2024-08-02,224.8,328.45000000000005,2,27683.74,Mini Truck,1,7882.800000000001,31,0.0,0.0,1.0,7882.800000000001
WH-BPL,ST-008,Burhanpur,2024-08-04,458.1,306.15,2,27567.15,Medium Truck,1,17756.699999999997,31,0.0,1.0,0.0,11327.55
WH-BPL,ST-024,Vidisha,2024-07-29,699.7,213.1,2,24489.92,Medium Truck,1,12359.8,31,0.0,1.0,0.0,7884.7
WH-BPL,ST-035,Rewa,2024-07-29,1507.7,62.85,2,7023.969999999999,Medium Truck,1,3645.3,31,0.0,2.0,0.0,4650.900000000001
WH-BPL,ST-036,Satna,2024-08-01,818.8,484.5,2,55592.91,LCV,1,17926.5,31,0.0,1.0,0.0,17926.5
WH-BPL,ST-009,Vidisha,2024-08-09,1114.6,302.54999999999995,2,26101.895,LCV,1,11194.349999999999,32,0.0,1.0,0.0,11194.349999999999
WH-BPL,ST-025,Mandsaur,2024-08-05,470.7000000000001,416.8,2,30497.340000000004,Mini Truck,1,10003.2,32,0.0,1.0,0.0,15421.6
WH-BPL,ST-008,Burhanpur,2024-08-13,1180.3000000000002,319.9,2,44164.29,Medium Truck,1,18554.199999999997,33,0.0,1.0,0.0,11836.3
WH-BPL,ST-012,Chhindwara,2024-08-12,649.8,379.05,2,47659.08,Medium Truck,1,21984.9,33,0.0,1.0,0.0,14024.85
WH-BPL,ST-016,Chhindwara,2024-08-17,588.4,182.65,2,23420.92,Medium Truck,1,10593.7,33,0.0,1.0,0.0,6758.05
WH-BPL,ST-027,Chhindwara,2024-08-16,179.4,419.7000000000001,2,21440.78,Mini Truck,1,10072.800000000003,33,0.0,0.0,1.0,10072.800000000003
WH-BPL,ST-001,Gwalior,2024-08-25,989.7,430.8666666666666,3,30709.22,Mini Truck,2,20681.6,34,0.0,1.0,0.0,15942.066666666666
WH-BPL,ST-015,Jabalpur,2024-08-22,164.6,444.35,2,40842.59,Mini Truck,1,10664.400000000001,34,0.0,0.0,1.0,10664.400000000001
WH-BPL,ST-017,Khandwa,2024-08-21,532.7,282.6,2,27241.65,Mini Truck,1,6782.400000000001,34,0.0,1.0,0.0,10456.2
WH-BPL,ST-018,Satna,2024-08-21,564.0,224.95,2,26562.36,Medium Truck,1,13047.099999999999,34,0.0,1.0,0.0,8323.15
WH-BPL,ST-040,Gwalior,2024-08-19,941.85,503.1,2,42832.94,LCV,1,18614.7,34,0.0,1.0,0.0,18614.7
WH-BPL,ST-006,Burhanpur,2024-08-26,175.1,203.85,2,28405.89,Medium Truck,1,11823.3,35,0.0,0.0,1.0,4892.4
WH-BPL,ST-009,Vidisha,2024-09-01,997.1,339.15,2,29555.21,LCV,1,12548.55,35,0.0,1.0,0.0,12548.55
WH-BPL,ST-037,Gwalior,2024-08-26,1193.6,402.7,3,44745.29,LCV,1,14899.9,35,0.0,1.0,0.0,14899.9
WH-BPL,ST-039,Indore,2024-09-01,1004.8,119.2,2,6353.38,Mini Truck,2,5721.6,35,0.0,1.0,0.0,4410.400000000001
WH-BPL,ST-011,Bhopal,2024-09-07,1674.2,225.8,3,28566.93,Mini Truck,3,16257.600000000002,36,0.0,2.0,0.0,16709.2
WH-BPL,ST-033,Indore,2024-09-07,1501.8000000000002,374.4,3,34541.11,Mini Truck,3,26956.799999999996,36,0.0,2.0,0.0,27705.6
WH-BPL,ST-036,Satna,2024-09-06,1325.7,479.0,2,47846.990000000005,Medium Truck,1,27782.0,36,0.0,1.0,0.0,17723.0
WH-BPL,ST-039,Indore,2024-09-07,1355.9,119.4,3,21118.11,Medium Truck,1,6925.200000000001,36,0.0,1.0,0.0,4417.8
WH-BPL,ST-002,Ratlam,2024-09-12,348.0,447.8,2,52660.31,Medium Truck,1,25972.4,37,0.0,1.0,0.0,16568.600000000002
WH-BPL,ST-007,Indore,2024-09-14,626.0,384.0,2,36626.3,Mini Truck,1,9216.0,37,0.0,1.0,0.0,14208.0
WH-BPL,ST-008,Burhanpur,2024-09-09,638.3,311.0,2,27606.89,Mini Truck,1,7464.0,37,0.0,1.0,0.0,11507.0
WH-BPL,ST-014,Bhopal,2024-09-10,148.9,257.55,2,25141.71,Medium Truck,1,14937.900000000001,37,0.0,1.0,0.0,9529.35
WH-BPL,ST-020,Ratlam,2024-09-09,1193.3,274.0,2,26916.24,Medium Truck,1,15892.0,37,0.0,1.0,0.0,10138.0
WH-BPL,ST-033,Indore,2024-09-12,2122.1,393.5,2,40591.12,Medium Truck,1,22823.0,37,0.0,2.0,0.0,29119.0
WH-BPL,ST-005,Indore,2024-09-21,1109.6999999999998,183.15,2,28483.565,Medium Truck,1,10622.7,38,0.0,1.0,0.0,6776.55
WH-BPL,ST-010,Khandwa,2024-09-21,1487.6,321.43333333333334,3,42488.6,Medium Truck,1,18643.133333333335,38,0.0,1.0,0.0,11893.033333333333
WH-BPL,ST-018,Satna,2024-09-21,495.3,249.0,2,31594.82,Medium Truck,1,14442.0,38,0.0,0.0,1.0,5976.0
WH-BPL,ST-031,Jabalpur,2024-09-22,718.0,85.05,2,5968.32,Mini Truck,1,2041.1999999999998,38,0.0,1.0,0.0,3146.85
WH-BPL,ST-003,Jabalpur,2024-09-28,697.4,397.85,2,28773.94,LCV,1,14720.45,39,0.0,1.0,0.0,14720.45
WH-BPL,ST-033,Indore,2024-09-25,974.5,378.75,2,21437.26,Mini Truck,2,18180.0,39,0.0,1.0,0.0,14013.75
WH-BPL,ST-034,Satna,2024-09-27,374.7,289.35,2,37743.62,Medium Truck,1,16782.300000000003,39,0.0,1.0,0.0,10705.95
WH-BPL,ST-005,Indore,2024-10-02,509.3,173.85,2,13402.64,Mini Truck,1,4172.4,40,0.0,1.0,0.0,6432.45
WH-BPL,ST-007,Indore,2024-10-05,982.3,398.75,2,43206.93,Medium Truck,1,23127.5,40,0.0,1.0,0.0,14753.75
WH-BPL,ST-014,Bhopal,2024-10-06,760.3,259.45000000000005,2,24133.58,Medium Truck,1,15048.100000000002,40,0.0,1.0,0.0,9599.650000000001
WH-BPL,ST-015,Jabalpur,2024-10-01,858.2,426.2,2,22769.75,Mini Truck,2,20457.6,40,0.0,1.0,0.0,15769.4
WH-BPL,ST-015,Jabalpur,2024-10-06,1063.6,440.6666666666667,3,47089.91,LCV,1,16304.666666666668,40,0.0,1.0,0.0,16304.666666666668
WH-BPL,ST-040,Gwalior,2024-10-05,1034.2,483.0,2,31443.53,LCV,1,17871.0,40,0.0,1.0,0.0,17871.0
WH-BPL,ST-012,Chhindwara,2024-10-07,537.7,359.15,2,43231.51,Medium Truck,1,20830.699999999997,41,0.0,1.0,0.0,13288.55
WH-BPL,ST-020,Ratlam,2024-10-07,1111.4,293.29999999999995,2,35818.68,Medium Truck,1,17011.399999999998,41,0.0,1.0,0.0,10852.099999999999
WH-BPL,ST-025,Mandsaur,2024-10-07,852.5,413.35,2,20839.54,Mini Truck,2,19840.800000000003,41,0.0,1.0,0.0,15293.95
WH-BPL,ST-025,Mandsaur,2024-10-13,872.5999999999999,405.05,2,20759.75,Mini Truck,2,19442.4,41,0.0,1.0,0.0,14986.85
WH-BPL,ST-007,Indore,2024-10-16,1070.3000000000002,394.3,3,68296.28,Medium Truck,1,22869.4,42,0.0,1.0,0.0,14589.1
WH-BPL,ST-016,Chhindwara,2024-10-20,875.8,183.5,2,18980.81,Medium Truck,1,10643.0,42,0.0,1.0,0.0,6789.5
WH-BPL,ST-036,Satna,2024-10-17,811.9,454.1,2,24134.27,Mini Truck,2,21796.800000000003,42,0.0,1.0,0.0,16801.7
WH-BPL,ST-004,Jabalpur,2024-10-22,781.7,192.0666666666667,3,20560.46,LCV,1,7106.466666666667,43,0.0,1.0,0.0,7106.466666666667
WH-BPL,ST-007,Indore,2024-10-23,1130.2,376.15,2,34309.67,LCV,1,13917.55,43,0.0,1.0,0.0,13917.55
WH-BPL,ST-009,Vidisha,2024-10-21,446.6,316.8,2,29285.12,Mini Truck,1,7603.200000000001,43,0.0,1.0,0.0,11721.6
WH-BPL,ST-010,Khandwa,2024-10-24,1370.8,321.75,2,34901.49,LCV,1,11904.75,43,0.0,1.0,0.0,11904.75
WH-BPL,ST-012,Chhindwara,2024-10-24,243.0,349.95,2,29602.32,LCV,1,12948.15,43,0.0,1.0,0.0,12948.15
WH-BPL,ST-025,Mandsaur,2024-10-26,625.4,393.4,2,19649.64,Mini Truck,1,9441.599999999999,43,0.0,0.0,1.0,9441.599999999999
WH-BPL,ST-035,Rewa,2024-10-25,610.1,61.8,2,6812.539999999999,Medium Truck,1,3584.3999999999996,43,0.0,1.0,0.0,2286.6
WH-BPL,ST-007,Indore,2024-11-01,940.0,396.1,2,34796.98,Medium Truck,1,22973.800000000003,44,0.0,1.0,0.0,14655.7
WH-BPL,ST-020,Ratlam,2024-11-06,522.8,284.04999999999995,2,35636.649999999994,Medium Truck,1,16474.899999999998,45,0.0,1.0,0.0,10509.849999999999
WH-BPL,ST-027,Chhindwara,2024-11-08,459.2000000000001,402.6,2,29745.36,LCV,1,14896.2,45,0.0,0.0,1.0,9662.400000000001
WH-BPL,ST-032,Mandsaur,2024-11-06,383.1,395.8,2,34466.94,Medium Truck,1,22956.4,45,0.0,1.0,0.0,14644.6
WH-BPL,ST-013,Khandwa,2024-11-11,730.6,190.6,2,15773.12,LCV,1,7052.2,46,0.0,1.0,0.0,7052.2
WH-BPL,ST-024,Vidisha,2024-11-14,714.1,218.2,2,21498.96,Mini Truck,1,5236.799999999999,46,0.0,1.0,0.0,8073.4
WH-BPL,ST-031,Jabalpur,2024-11-13,577.4,85.55,2,8055.450000000001,LCV,1,3165.35,46,0.0,1.0,0.0,3165.35
WH-BPL,ST-001,Gwalior,2024-11-19,507.4,405.05,2,43556.4,LCV,1,14986.85,47,0.0,1.0,0.0,14986.85
WH-BPL,ST-011,Bhopal,2024-11-20,432.8,214.9,2,23355.300000000003,LCV,1,7951.3,47,0.0,1.0,0.0,7951.3
WH-BPL,ST-015,Jabalpur,2024-11-19,827.5,430.15,2,42983.34,LCV,1,15915.55,47,0.0,1.0,0.0,15915.55
WH-BPL,ST-021,Ratlam,2024-11-24,1073.5,314.75,2,24505.98,LCV,1,11645.75,47,0.0,1.0,0.0,11645.75
WH-BPL,ST-037,Gwalior,2024-11-22,935.2,408.8,2,41753.79,Medium Truck,1,23710.4,47,0.0,1.0,0.0,15125.6
WH-BPL,ST-005,Indore,2024-11-28,1465.2,180.33333333333331,3,29106.31,LCV,1,6672.333333333333,48,0.0,1.0,0.0,6672.333333333333
WH-BPL,ST-007,Indore,2024-11-25,762.3,381.4,2,24879.17,Mini Truck,2,18307.199999999997,48,0.0,1.0,0.0,14111.8
WH-BPL,ST-007,Indore,2024-11-28,1702.8000000000002,407.5,2,33788.22,LCV,2,30155.0,48,0.0,1.0,1.0,24857.5
WH-BPL,ST-014,Bhopal,2024-11-27,706.7,260.2,2,17492.45,LCV,1,9627.4,48,0.0,1.0,0.0,9627.4
WH-BPL,ST-018,Satna,2024-11-27,449.4,233.8,2,14234.31,LCV,1,8650.6,48,0.0,1.0,0.0,8650.6
WH-BPL,ST-020,Ratlam,2024-11-27,595.8,273.45000000000005,2,29548.72,LCV,1,10117.650000000001,48,0.0,1.0,0.0,10117.650000000001
WH-BPL,ST-023,Vidisha,2024-12-01,1549.8,380.9,2,39922.240000000005,Medium Truck,1,22092.199999999997,48,0.0,2.0,0.0,28186.6
WH-BPL,ST-028,Ujjain,2024-11-30,680.0999999999999,364.3,2,29758.520000000004,Mini Truck,1,8743.2,48,0.0,1.0,0.0,13479.1
WH-BPL,ST-034,Satna,2024-11-30,577.2,309.2,2,15896.38,Mini Truck,1,7420.799999999999,48,0.0,1.0,0.0,11440.4
WH-BPL,ST-040,Gwalior,2024-11-27,947.3,483.9,2,45071.0,Mini Truck,2,23227.199999999997,48,0.0,1.0,0.0,17904.3
WH-BPL,ST-019,Jabalpur,2024-12-02,1062.7,296.75,2,34056.990000000005,Medium Truck,1,17211.5,49,0.0,1.0,0.0,10979.75
WH-BPL,ST-031,Jabalpur,2024-12-08,1003.1,82.5,2,9471.74,LCV,1,3052.5,49,0.0,1.0,0.0,3052.5
WH-BPL,ST-038,Dewas,2024-12-10,181.8,323.0,2,24020.87,Mini Truck,1,7752.0,50,0.0,1.0,0.0,11951.0
WH-BPL,ST-008,Burhanpur,2024-12-17,711.3,329.55,2,22865.25,LCV,1,12193.35,51,0.0,0.0,1.0,7909.200000000001
WH-BPL,ST-009,Vidisha,2024-12-17,1279.0,306.79999999999995,2,15443.04,Mini Truck,2,14726.399999999998,51,0.0,1.0,0.0,11351.599999999999
WH-BPL,ST-016,Chhindwara,2024-12-20,955.7,172.85,2,22736.71,Medium Truck,1,10025.3,51,0.0,1.0,0.0,6395.45
WH-BPL,ST-037,Gwalior,2024-12-17,845.7,391.1,2,54198.42,Medium Truck,1,22683.800000000003,51,0.0,1.0,0.0,14470.7
WH-BPL,ST-014,Bhopal,2024-12-28,837.55,260.9,2,27282.49,LCV,1,9653.3,52,0.0,1.0,0.0,9653.3
WH-BPL,ST-030,Sagar,2024-12-28,706.0,286.1,2,30430.39,LCV,1,10585.7,52,0.0,1.0,0.0,10585.7
WH-BPL,ST-037,Gwalior,2024-12-23,485.25,367.15,2,22866.77,Mini Truck,1,8811.599999999999,52,0.0,1.0,0.0,13584.55
WH-BPL,ST-038,Dewas,2024-12-23,1026.0,311.5,2,32714.12,Medium Truck,1,18067.0,52,0.0,1.0,0.0,11525.5
WH-BPL,ST-039,Indore,2024-12-29,523.7,111.65,2,19673.405,LCV,1,4131.05,52,0.0,1.0,0.0,4131.05
WH-GWL,ST-008,Burhanpur,2025-01-04,676.0,685.3,2,34850.05,Mini Truck,1,16447.199999999997,1,0.0,1.0,0.0,25356.1
WH-GWL,ST-010,Khandwa,2025-01-01,883.6,95.75,2,9514.42,Mini Truck,2,4596.0,1,0.0,1.0,0.0,3542.75
WH-GWL,ST-013,Khandwa,2025-01-02,1001.8,313.75,2,20887.87,Mini Truck,2,15060.0,1,0.0,1.0,0.0,11608.75
WH-GWL,ST-025,Mandsaur,2025-01-04,1219.4,738.05,2,45511.5,Mini Truck,2,35426.399999999994,1,0.0,1.0,0.0,27307.85
WH-GWL,ST-037,Gwalior,2025-01-01,254.4,296.1,2,26948.7,Medium Truck,1,17173.800000000003,1,0.0,1.0,0.0,10955.7
WH-GWL,ST-010,Khandwa,2025-01-12,538.5,91.05,2,7870.700000000001,LCV,1,3368.85,2,0.0,0.0,1.0,2185.2
WH-GWL,ST-027,Chhindwara,2025-01-11,759.4000000000001,546.85,2,54077.68,LCV,1,20233.45,2,0.0,1.0,0.0,20233.45
WH-GWL,ST-006,Burhanpur,2025-01-18,691.05,620.25,2,42695.58,Mini Truck,1,14886.0,3,0.0,1.0,0.0,22949.25
WH-GWL,ST-021,Ratlam,2025-01-25,404.6,285.1,2,18754.61,Mini Truck,1,6842.400000000001,4,0.0,1.0,0.0,10548.7
WH-GWL,ST-008,Burhanpur,2024-04-05,697.55,644.7,2,56252.51,LCV,1,23853.9,14,0.0,1.0,0.0,23853.9
WH-GWL,ST-019,Jabalpur,2024-04-04,727.7,495.3,2,56907.83,LCV,1,18326.100000000002,14,0.0,1.0,0.0,18326.100000000002
WH-GWL,ST-024,Vidisha,2024-04-06,1110.6,637.75,2,60580.09,LCV,1,23596.75,14,0.0,1.0,0.0,23596.75
WH-GWL,ST-002,Ratlam,2024-04-10,426.3,787.6,2,75846.81,Mini Truck,1,18902.4,15,0.0,1.0,0.0,29141.2
WH-GWL,ST-015,Jabalpur,2024-04-10,511.9,195.65,2,14414.3,LCV,1,7239.05,15,0.0,1.0,0.0,7239.05
WH-GWL,ST-037,Gwalior,2024-04-10,854.0,288.04999999999995,2,23433.88,LCV,1,10657.849999999999,15,0.0,1.0,0.0,10657.849999999999
WH-GWL,ST-040,Gwalior,2024-04-14,581.2,191.8,2,19031.38,LCV,1,7096.6,15,0.0,1.0,0.0,7096.6
WH-GWL,ST-007,Indore,2024-04-19,652.6,418.85,2,42127.26,Medium Truck,1,24293.300000000003,16,0.0,1.0,0.0,15497.45
WH-GWL,ST-012,Chhindwara,2024-04-17,285.9,776.1,2,73738.64,LCV,1,28715.7,16,0.0,0.0,1.0,18626.4
WH-GWL,ST-013,Khandwa,2024-04-18,642.0,327.75,2,22739.27,LCV,1,12126.75,16,0.0,1.0,0.0,12126.75
WH-GWL,ST-018,Satna,2024-04-17,462.7000000000001,199.65,2,19268.79,Medium Truck,1,11579.7,16,0.0,1.0,0.0,7387.05
WH-GWL,ST-024,Vidisha,2024-04-20,643.8,605.9000000000001,2,42702.43,Mini Truck,1,14541.600000000002,16,0.0,1.0,0.0,22418.300000000003
WH-GWL,ST-028,Ujjain,2024-04-15,1015.2,582.8,2,61165.67,LCV,1,21563.6,16,0.0,1.0,0.0,21563.6
WH-GWL,ST-001,Gwalior,2024-04-22,380.1,798.5999999999999,2,84657.28,Medium Truck,1,46318.799999999996,17,0.0,1.0,0.0,29548.199999999997
WH-GWL,ST-017,Khandwa,2024-04-25,1064.5,667.2,2,70392.87,LCV,1,24686.4,17,0.0,1.0,0.0,24686.4
WH-GWL,ST-027,Chhindwara,2024-04-22,533.2,593.9,2,49822.89,LCV,1,21974.3,17,0.0,1.0,0.0,21974.3
WH-GWL,ST-001,Gwalior,2024-05-04,433.9,815.95,2,81454.81,Medium Truck,1,47325.100000000006,18,0.0,0.0,1.0,19582.800000000003
WH-GWL,ST-002,Ratlam,2024-04-29,901.1,817.8499999999999,2,58868.04,Mini Truck,2,39256.799999999996,18,0.0,1.0,0.0,30260.449999999997
WH-GWL,ST-014,Bhopal,2024-05-05,1062.4,255.05,2,35002.759999999995,Medium Truck,1,14792.900000000001,18,0.0,1.0,0.0,9436.85
WH-GWL,ST-031,Jabalpur,2024-05-01,829.6,486.1,2,48527.77,Medium Truck,1,28193.800000000003,18,0.0,1.0,0.0,17985.7
WH-GWL,ST-036,Satna,2024-05-05,638.9,102.3,2,13523.01,Medium Truck,1,5933.4,18,0.0,1.0,0.0,3785.1
WH-GWL,ST-005,Indore,2024-05-06,1850.8,332.95000000000005,2,37746.23,LCV,2,24638.300000000003,19,0.0,2.0,0.0,24638.300000000003
WH-GWL,ST-007,Indore,2024-05-08,438.6,417.05,2,31137.33,Mini Truck,1,10009.2,19,0.0,1.0,0.0,15430.85
WH-GWL,ST-021,Ratlam,2024-05-12,357.4,276.25,2,22782.72,LCV,1,10221.25,19,0.0,1.0,0.0,10221.25
WH-GWL,ST-035,Rewa,2024-05-11,585.8,462.6,2,34369.5,LCV,1,17116.2,19,0.0,1.0,0.0,17116.2
WH-GWL,ST-010,Khandwa,2024-05-18,969.3,95.45,2,10140.99,LCV,1,3531.65,20,0.0,1.0,0.0,3531.65
WH-GWL,ST-025,Mandsaur,2024-05-14,508.1,778.8,2,81634.77,LCV,1,28815.6,20,0.0,1.0,0.0,28815.6
WH-GWL,ST-028,Ujjain,2024-05-14,1156.2,580.2,2,58082.740000000005,Medium Truck,1,33651.600000000006,20,0.0,1.0,0.0,21467.4
WH-GWL,ST-039,Indore,2024-05-18,538.9,310.6,2,22090.94,LCV,1,11492.2,20,0.0,1.0,0.0,11492.2
WH-GWL,ST-003,Jabalpur,2024-05-22,1136.5,551.25,2,44327.77,Mini Truck,2,26460.0,21,0.0,1.0,0.0,20396.25
WH-GWL,ST-003,Jabalpur,2024-05-25,748.9,580.5,2,38603.41,Mini Truck,1,13932.0,21,0.0,0.0,1.0,13932.0
WH-GWL,ST-007,Indore,2024-05-26,388.3,442.75,2,31809.480000000003,Mini Truck,1,10626.0,21,0.0,1.0,0.0,16381.75
WH-GWL,ST-039,Indore,2024-05-22,1964.6,331.03333333333336,3,42120.72,Mini Truck,3,23834.4,21,0.0,2.0,0.0,24496.466666666667
WH-GWL,ST-001,Gwalior,2024-06-02,733.0,825.05,2,62511.37,LCV,1,30526.85,22,0.0,1.0,0.0,30526.85
WH-GWL,ST-003,Jabalpur,2024-06-01,699.7,615.3,2,49027.37,Medium Truck,1,35687.399999999994,22,0.0,1.0,0.0,22766.1
WH-GWL,ST-006,Burhanpur,2024-06-01,1308.3000000000002,626.5,2,52853.24,Mini Truck,2,30072.0,22,0.0,1.0,0.0,23180.5
WH-GWL,ST-014,Bhopal,2024-05-31,1368.2,271.1,2,21770.08,LCV,1,10030.7,22,0.0,1.0,0.0,10030.7
WH-GWL,ST-022,Bhopal,2024-05-30,1648.4,824.55,2,110696.45,Medium Truck,1,47823.899999999994,22,0.0,2.0,0.0,61016.7
WH-GWL,ST-002,Ratlam,2024-06-08,517.7,826.8,2,81499.31,LCV,1,30591.6,23,0.0,0.0,1.0,19843.199999999997
WH-GWL,ST-008,Burhanpur,2024-06-07,231.8,677.2,2,61209.84,Medium Truck,1,39277.600000000006,23,0.0,1.0,0.0,25056.4
WH-GWL,ST-020,Ratlam,2024-06-09,412.9,742.65,2,77127.49,LCV,1,27478.05,23,0.0,1.0,0.0,27478.05
WH-GWL,ST-031,Jabalpur,2024-06-04,2061.2,463.9,2,55278.98,Medium Truck,1,26906.199999999997,23,0.0,2.0,0.0,34328.6
WH-GWL,ST-034,Satna,2024-06-06,646.1,287.05,2,20214.7,Mini Truck,1,6889.200000000001,23,0.0,1.0,0.0,10620.85
WH-GWL,ST-039,Indore,2024-06-03,579.5,341.05,2,37540.4,LCV,1,12618.85,23,0.0,1.0,0.0,12618.85
WH-GWL,ST-013,Khandwa,2024-06-10,1076.8,335.1,2,29403.68,Mini Truck,2,16084.800000000001,24,0.0,1.0,0.0,12398.7
WH-GWL,ST-019,Jabalpur,2024-06-11,856.0,466.65,2,53840.39,Medium Truck,1,27065.699999999997,24,0.0,1.0,0.0,17266.05
WH-GWL,ST-023,Vidisha,2024-06-14,662.8,699.05,2,48150.54,Mini Truck,1,16777.199999999997,24,0.0,1.0,0.0,25864.85
WH-GWL,ST-031,Jabalpur,2024-06-12,1264.8,489.65,2,50086.37,Medium Truck,1,28399.699999999997,24,0.0,1.0,0.0,18117.05
WH-GWL,ST-006,Burhanpur,2024-06-22,801.5999999999999,578.8,2,51289.21,Medium Truck,1,33570.399999999994,25,0.0,1.0,0.0,21415.6
WH-GWL,ST-012,Chhindwara,2024-06-19,677.1999999999999,785.1500000000001,2,51709.61,Mini Truck,1,18843.600000000002,25,0.0,1.0,0.0,29050.550000000003
WH-GWL,ST-028,Ujjain,2024-06-19,598.7,602.0666666666667,3,83875.63,Mini Truck,1,14449.600000000002,25,0.0,1.0,0.0,22276.466666666667
WH-GWL,ST-035,Rewa,2024-06-21,1094.7,467.05,2,30808.3,LCV,1,17280.850000000002,25,0.0,1.0,0.0,17280.850000000002
WH-GWL,ST-009,Vidisha,2024-06-25,701.0,787.1500000000001,2,43732.07,Mini Truck,1,18891.600000000002,26,0.0,1.0,0.0,29124.550000000003
WH-GWL,ST-015,Jabalpur,2024-06-27,425.3,195.4,2,11228.94,Mini Truck,1,4689.6,26,0.0,1.0,0.0,7229.8
WH-GWL,ST-038,Dewas,2024-07-06,734.4000000000001,664.6999999999999,3,60002.84,Mini Truck,1,15952.8,27,0.0,1.0,0.0,24593.899999999998
WH-GWL,ST-004,Jabalpur,2024-07-13,855.8000000000001,597.0,2,78258.45999999999,Medium Truck,1,34626.0,28,0.0,1.0,0.0,22089.0
WH-GWL,ST-027,Chhindwara,2024-07-14,1032.3,574.1,2,51043.03999999999,Medium Truck,1,33297.8,28,0.0,1.0,0.0,21241.7
WH-GWL,ST-040,Gwalior,2024-07-15,410.0,193.65,2,17102.36,Mini Truck,1,4647.6,29,0.0,1.0,0.0,7165.05
WH-GWL,ST-002,Ratlam,2024-07-25,315.2,779.55,2,81261.15,LCV,1,28843.35,30,0.0,1.0,0.0,28843.35
WH-GWL,ST-012,Chhindwara,2024-07-23,624.2,814.25,2,39495.130000000005,Mini Truck,1,19542.0,30,0.0,1.0,0.0,30127.25
WH-GWL,ST-022,Bhopal,2024-07-22,466.2000000000001,782.75,2,86196.48999999999,LCV,1,28961.75,30,0.0,1.0,0.0,28961.75
WH-GWL,ST-025,Mandsaur,2024-07-22,1034.5,803.5,2,66122.53,LCV,1,29729.5,30,0.0,1.0,0.0,29729.5
WH-GWL,ST-033,Indore,2024-07-28,581.85,509.8,2,56719.47,LCV,1,18862.600000000002,30,0.0,1.0,0.0,18862.600000000002
WH-GWL,ST-036,Satna,2024-07-25,783.8,102.0,2,11771.14,Medium Truck,1,5916.0,30,0.0,1.0,0.0,3774.0
WH-GWL,ST-023,Vidisha,2024-08-04,720.7,661.9,2,39349.6,LCV,1,24490.3,31,0.0,1.0,0.0,24490.3
WH-GWL,ST-026,Satna,2024-08-03,1032.7,241.25,2,15594.14,LCV,1,8926.25,31,0.0,1.0,0.0,8926.25
WH-GWL,ST-032,Mandsaur,2024-08-03,573.5,457.2000000000001,2,36212.07,LCV,1,16916.400000000005,31,0.0,1.0,0.0,16916.400000000005
WH-GWL,ST-015,Jabalpur,2024-08-08,786.3000000000001,192.8,2,19057.050000000003,Medium Truck,1,11182.400000000001,32,0.0,1.0,0.0,7133.6
WH-GWL,ST-019,Jabalpur,2024-08-10,1130.2,462.7000000000001,2,45622.82,Mini Truck,2,22209.600000000006,32,0.0,1.0,0.0,17119.900000000005
WH-GWL,ST-023,Vidisha,2024-08-11,1107.9,656.65,2,35000.03,Mini Truck,2,31519.199999999997,32,0.0,1.0,0.0,24296.05
WH-GWL,ST-027,Chhindwara,2024-08-06,772.5,535.45,2,68741.3,Medium Truck,1,31056.100000000002,32,0.0,1.0,0.0,19811.65
WH-GWL,ST-030,Sagar,2024-08-09,717.3,221.75,2,27648.4,Medium Truck,1,12861.5,32,0.0,1.0,0.0,8204.75
WH-GWL,ST-005,Indore,2024-08-13,430.1,323.6,2,22038.02,Mini Truck,1,7766.400000000001,33,0.0,1.0,0.0,11973.2
WH-GWL,ST-010,Khandwa,2024-08-14,1651.9,92.3,3,23200.69760204112,Mini Truck,3,6645.599999999999,33,0.0,2.0,0.0,6830.2
WH-GWL,ST-014,Bhopal,2024-08-17,279.5,272.0,2,25638.1,Mini Truck,1,6528.0,33,0.0,1.0,0.0,10064.0
WH-GWL,ST-023,Vidisha,2024-08-18,600.6,698.3499999999999,2,43844.86,LCV,1,25838.949999999997,33,0.0,1.0,0.0,25838.949999999997
WH-GWL,ST-031,Jabalpur,2024-08-17,1050.6,457.65,2,39267.81,LCV,1,16933.05,33,0.0,1.0,0.0,16933.05
WH-GWL,ST-037,Gwalior,2024-08-13,660.4,288.0,2,21268.04,LCV,1,10656.0,33,0.0,1.0,0.0,10656.0
WH-GWL,ST-038,Dewas,2024-08-17,173.0,692.3499999999999,2,60008.68000000001,Medium Truck,1,40156.299999999996,33,0.0,1.0,0.0,25616.949999999997
WH-GWL,ST-021,Ratlam,2024-08-24,565.6,275.3,2,18780.04,Mini Truck,1,6607.200000000001,34,0.0,1.0,0.0,10186.1
WH-GWL,ST-030,Sagar,2024-08-22,1370.4,219.55,2,13966.95,LCV,1,8123.35,34,0.0,1.0,0.0,8123.35
WH-GWL,ST-002,Ratlam,2024-08-28,1261.1999999999998,783.0666666666666,3,108014.34,LCV,1,28973.466666666664,35,0.0,1.0,0.0,28973.466666666664
WH-GWL,ST-004,Jabalpur,2024-08-28,1362.0,644.35,2,56148.46000000001,LCV,1,23840.95,35,0.0,1.0,0.0,23840.95
WH-GWL,ST-014,Bhopal,2024-08-28,248.3,259.55,2,15470.55,Mini Truck,1,6229.200000000001,35,0.0,1.0,0.0,9603.35
WH-GWL,ST-019,Jabalpur,2024-08-26,1389.9,475.5,2,29446.57,LCV,1,17593.5,35,0.0,1.0,0.0,17593.5
WH-GWL,ST-020,Ratlam,2024-08-26,788.4,688.2,2,37050.57,Mini Truck,2,33033.600000000006,35,0.0,1.0,0.0,25463.4
WH-GWL,ST-021,Ratlam,2024-09-01,604.0999999999999,275.29999999999995,2,18108.16,Mini Truck,1,6607.199999999999,35,0.0,1.0,0.0,10186.099999999999
WH-GWL,ST-033,Indore,2024-09-01,379.6,504.1,2,50750.8,LCV,1,18651.7,35,0.0,1.0,0.0,18651.7
WH-GWL,ST-014,Bhopal,2024-09-07,736.0,267.95000000000005,2,17427.43,LCV,1,9914.150000000001,36,0.0,1.0,0.0,9914.150000000001
WH-GWL,ST-015,Jabalpur,2024-09-04,582.0,206.65,2,9795.74,Mini Truck,1,4959.6,36,0.0,1.0,0.0,7646.05
WH-GWL,ST-018,Satna,2024-09-02,653.0,207.8,2,13907.45,LCV,1,7688.6,36,0.0,1.0,0.0,7688.6
WH-GWL,ST-024,Vidisha,2024-09-05,601.3000000000001,640.15,2,40866.75,Mini Truck,1,15363.599999999999,36,0.0,1.0,0.0,23685.55
WH-GWL,ST-027,Chhindwara,2024-09-03,996.5,560.9,2,64574.34,Medium Truck,1,32532.199999999997,36,0.0,1.0,0.0,20753.3
WH-GWL,ST-028,Ujjain,2024-09-04,959.4,577.85,2,56398.56,Mini Truck,2,27736.800000000003,36,0.0,1.0,0.0,21380.45
WH-GWL,ST-040,Gwalior,2024-09-06,1092.2,199.1,2,27430.63,Medium Truck,1,11547.8,36,0.0,1.0,0.0,7366.7
WH-GWL,ST-003,Jabalpur,2024-09-11,974.95,585.6666666666666,3,88062.76000000001,LCV,1,21669.666666666664,37,0.0,1.0,0.0,21669.666666666664
WH-GWL,ST-015,Jabalpur,2024-09-10,782.4,187.4,2,36642.71,Medium Truck,1,10869.2,37,0.0,1.0,0.0,6933.8
WH-GWL,ST-023,Vidisha,2024-09-12,1702.35,634.8333333333334,3,87261.22,LCV,2,46977.66666666667,37,0.0,1.0,1.0,38724.833333333336
WH-GWL,ST-005,Indore,2024-09-20,1509.8,346.05,2,46558.18,Medium Truck,1,20070.9,38,0.0,2.0,0.0,25607.7
WH-GWL,ST-017,Khandwa,2024-09-17,1465.5,679.3499999999999,2,41209.59,Mini Truck,2,32608.799999999996,38,0.0,1.0,0.0,25135.949999999997
WH-GWL,ST-019,Jabalpur,2024-09-19,730.4,477.85,2,41136.39,Medium Truck,1,27715.300000000003,38,0.0,1.0,0.0,17680.45
WH-GWL,ST-023,Vidisha,2024-09-18,1581.4,667.2,2,58330.73,Medium Truck,1,38697.600000000006,38,0.0,2.0,0.0,49372.8
WH-GWL,ST-005,Indore,2024-09-25,1055.9,326.85,2,27811.67,Medium Truck,1,18957.300000000003,39,0.0,1.0,0.0,12093.45
WH-GWL,ST-021,Ratlam,2024-09-28,341.29999999999995,267.2,2,25492.24,Medium Truck,1,15497.599999999999,39,0.0,1.0,0.0,9886.4
WH-GWL,ST-023,Vidisha,2024-09-25,442.4,662.75,2,38646.405,LCV,1,24521.75,39,0.0,1.0,0.0,24521.75
WH-GWL,ST-034,Satna,2024-09-24,985.3,273.0,2,25097.19,Medium Truck,1,15834.0,39,0.0,1.0,0.0,10101.0
WH-GWL,ST-034,Satna,2024-09-26,615.5,295.85,2,19644.02,Mini Truck,1,7100.400000000001,39,0.0,1.0,0.0,10946.45
WH-GWL,ST-036,Satna,2024-09-28,617.7,98.3,2,9237.56,LCV,1,3637.1,39,0.0,1.0,0.0,3637.1
WH-GWL,ST-036,Satna,2024-09-29,807.3,100.6,2,19695.265,LCV,1,3722.2,39,0.0,1.0,0.0,3722.2
WH-GWL,ST-003,Jabalpur,2024-10-05,742.2,567.75,2,31512.85,Mini Truck,1,13626.0,40,0.0,1.0,0.0,21006.75
WH-GWL,ST-004,Jabalpur,2024-10-04,1756.3000000000002,635.05,2,65070.69,LCV,2,46993.7,40,0.0,2.0,0.0,46993.7
WH-GWL,ST-018,Satna,2024-10-02,680.6,214.6,2,18579.63,Mini Truck,1,5150.4,40,0.0,1.0,0.0,7940.2
WH-GWL,ST-019,Jabalpur,2024-09-30,1613.6999999999998,477.4,2,60148.56,Medium Truck,1,27689.199999999997,40,0.0,2.0,0.0,35327.6
WH-GWL,ST-027,Chhindwara,2024-09-30,737.0999999999999,584.35,2,58833.9,LCV,1,21620.95,40,0.0,1.0,0.0,21620.95
WH-GWL,ST-024,Vidisha,2024-10-07,612.1,629.6,2,41673.98,Mini Truck,1,15110.400000000001,41,0.0,1.0,0.0,23295.2
WH-GWL,ST-025,Mandsaur,2024-10-08,412.0,783.75,2,67887.01000000001,Mini Truck,1,18810.0,41,0.0,1.0,0.0,28998.75
WH-GWL,ST-028,Ujjain,2024-10-09,542.7,555.8,2,53527.15,Medium Truck,1,32236.399999999998,41,0.0,1.0,0.0,20564.6
WH-GWL,ST-036,Satna,2024-10-13,974.6,98.45,2,9856.04,Medium Truck,1,5710.1,41,0.0,1.0,0.0,3642.65
WH-GWL,ST-006,Burhanpur,2024-10-15,683.9,599.6,2,39567.87,LCV,1,22185.2,42,0.0,0.0,1.0,14390.400000000001
WH-GWL,ST-006,Burhanpur,2024-10-19,403.5,572.3499999999999,2,31093.96,Mini Truck,1,13736.399999999998,42,0.0,1.0,0.0,21176.949999999997
WH-GWL,ST-007,Indore,2024-10-15,555.0999999999999,426.15,2,42654.2,Mini Truck,1,10227.599999999999,42,0.0,1.0,0.0,15767.55
WH-GWL,ST-018,Satna,2024-10-17,1209.5,197.35,2,16598.26,LCV,1,7301.95,42,0.0,1.0,0.0,7301.95
WH-GWL,ST-033,Indore,2024-10-17,513.9,486.9,2,34846.270000000004,LCV,1,18015.3,42,0.0,1.0,0.0,18015.3
WH-GWL,ST-028,Ujjain,2024-10-23,1282.7,582.2666666666667,3,55005.66,Mini Truck,2,27948.8,43,0.0,1.0,0.0,21543.866666666665
WH-GWL,ST-032,Mandsaur,2024-10-23,735.4000000000001,440.35,2,45259.13,Medium Truck,1,25540.300000000003,43,0.0,1.0,0.0,16292.95
WH-GWL,ST-007,Indore,2024-10-29,438.3,421.6,2,39843.02,Medium Truck,1,24452.800000000003,44,0.0,1.0,0.0,15599.2
WH-GWL,ST-015,Jabalpur,2024-10-30,642.9,198.65,2,12438.22,Mini Truck,1,4767.6,44,0.0,1.0,0.0,7350.05
WH-GWL,ST-024,Vidisha,2024-11-03,1152.9,631.95,2,40880.78,LCV,1,23382.15,44,0.0,1.0,0.0,23382.15
WH-GWL,ST-008,Burhanpur,2024-11-04,785.8,626.95,2,39569.22,LCV,1,23197.15,45,0.0,1.0,0.0,23197.15
WH-GWL,ST-016,Chhindwara,2024-11-10,1149.3000000000002,562.45,2,50099.48,Medium Truck,1,32622.100000000002,45,0.0,1.0,0.0,20810.65
WH-GWL,ST-019,Jabalpur,2024-11-05,1215.6,468.6,2,38389.27,LCV,1,17338.2,45,0.0,1.0,0.0,17338.2
WH-GWL,ST-020,Ratlam,2024-11-05,1078.3,661.75,2,66041.83,Mini Truck,2,31764.0,45,0.0,1.0,0.0,24484.75
WH-GWL,ST-020,Ratlam,2024-11-09,407.2,714.8,2,41597.93,Mini Truck,1,17155.199999999997,45,0.0,0.0,1.0,17155.199999999997
WH-GWL,ST-026,Satna,2024-11-04,856.8,237.35,2,32924.34,Medium Truck,1,13766.3,45,0.0,1.0,0.0,8781.949999999999
WH-GWL,ST-003,Jabalpur,2024-11-13,1166.6,573.2,2,50891.61,Medium Truck,1,33245.600000000006,46,0.0,1.0,0.0,21208.4
WH-GWL,ST-015,Jabalpur,2024-11-17,161.3,195.25,2,20890.17,LCV,1,7224.25,46,0.0,1.0,0.0,7224.25
WH-GWL,ST-016,Chhindwara,2024-11-12,953.2,569.5,2,37720.37,Mini Truck,2,27336.0,46,0.0,1.0,0.0,21071.5
WH-GWL,ST-020,Ratlam,2024-11-14,690.6,681.75,2,67169.98,Mini Truck,1,16362.0,46,0.0,1.0,0.0,25224.75
WH-GWL,ST-014,Bhopal,2024-11-21,257.40000000000003,269.8,2,16787.13,LCV,1,9982.6,47,0.0,1.0,0.0,9982.6
WH-GWL,ST-019,Jabalpur,2024-11-23,371.0,480.5,2,38259.53,LCV,1,17778.5,47,0.0,1.0,0.0,17778.5
WH-GWL,ST-022,Bhopal,2024-11-20,843.5,816.85,2,43124.36,Mini Truck,2,39208.8,47,0.0,1.0,0.0,30223.45
WH-GWL,ST-025,Mandsaur,2024-11-21,1841.9,780.55,2,84644.51,Medium Truck,1,45271.899999999994,47,0.0,1.0,1.0,47613.549999999996
WH-GWL,ST-031,Jabalpur,2024-11-18,1110.0,492.8333333333333,3,59584.09,Medium Truck,1,28584.333333333332,47,0.0,1.0,0.0,18234.833333333332
WH-GWL,ST-036,Satna,2024-11-20,1434.5,96.05,2,10937.03,Medium Truck,1,5570.9,47,0.0,1.0,0.0,3553.85
WH-GWL,ST-019,Jabalpur,2024-11-30,613.8,492.05,2,44224.63,LCV,1,18205.850000000002,48,0.0,1.0,0.0,18205.850000000002
WH-GWL,ST-022,Bhopal,2024-11-28,473.7,779.8000000000001,3,99544.83,LCV,1,28852.600000000002,48,0.0,0.0,1.0,18715.2
WH-GWL,ST-028,Ujjain,2024-11-27,661.2,614.35,2,80645.51999999999,Medium Truck,1,35632.3,48,0.0,1.0,0.0,22730.95
WH-GWL,ST-001,Gwalior,2024-12-09,905.9,854.2,2,57452.61,Mini Truck,2,41001.600000000006,50,0.0,1.0,0.0,31605.4
WH-GWL,ST-006,Burhanpur,2024-12-13,1005.8,632.95,2,73102.4,Medium Truck,1,36711.100000000006,50,0.0,1.0,0.0,23419.15
WH-GWL,ST-013,Khandwa,2024-12-12,742.2,319.15,2,36103.07,Medium Truck,1,18510.699999999997,50,0.0,1.0,0.0,11808.55
WH-GWL,ST-017,Khandwa,2024-12-10,445.4,737.95,2,87660.35,Medium Truck,1,42801.100000000006,50,0.0,0.0,1.0,17710.800000000003
WH-GWL,ST-023,Vidisha,2024-12-14,490.6,634.7,2,54277.84,Medium Truck,1,36812.600000000006,50,0.0,1.0,0.0,23483.9
WH-GWL,ST-003,Jabalpur,2024-12-16,985.2,571.9,2,73752.07999999999,Medium Truck,1,33170.2,51,0.0,1.0,0.0,21160.3
WH-GWL,ST-013,Khandwa,2024-12-22,1843.7,323.9,2,41793.64,Medium Truck,1,18786.199999999997,51,0.0,2.0,0.0,23968.6
WH-GWL,ST-015,Jabalpur,2024-12-22,676.8,193.9,2,12722.57,LCV,1,7174.3,51,0.0,1.0,0.0,7174.3
WH-GWL,ST-019,Jabalpur,2024-12-17,857.6,492.6,2,58892.5,Medium Truck,1,28570.800000000003,51,0.0,1.0,0.0,18226.2
WH-GWL,ST-030,Sagar,2024-12-22,1224.1,225.8,2,26974.9,Medium Truck,1,13096.400000000001,51,0.0,1.0,0.0,8354.6
WH-GWL,ST-011,Bhopal,2024-12-29,1114.1,205.8,2,20013.17,Mini Truck,2,9878.400000000001,52,0.0,1.0,0.0,7614.6
WH-GWL,ST-013,Khandwa,2024-12-26,490.0,340.15,2,21173.47,LCV,1,12585.55,52,0.0,0.0,1.0,8163.599999999999
WH-GWL,ST-036,Satna,2024-12-25,323.9,92.45,2,6305.82,Mini Truck,1,2218.8,52,0.0,1.0,0.0,3420.65
WH-IND,ST-012,Chhindwara,2025-01-02,1262.3000000000002,238.85,2,23965.69,LCV,1,8837.449999999999,1,0.0,1.0,0.0,8837.449999999999
WH-IND,ST-031,Jabalpur,2025-01-03,324.6,254.55,2,29825.285,Medium Truck,1,14763.900000000001,1,0.0,1.0,0.0,9418.35
WH-IND,ST-032,Mandsaur,2024-12-31,487.4,551.1500000000001,2,34973.5,LCV,1,20392.550000000003,1,0.0,0.0,1.0,13227.600000000002
WH-IND,ST-011,Bhopal,2025-01-11,2220.6,362.3,2,35117.8,Medium Truck,1,21013.4,2,0.0,2.0,0.0,26810.2
WH-IND,ST-017,Khandwa,2025-01-11,1181.2,172.55,2,21680.1,Medium Truck,1,10007.900000000001,2,0.0,1.0,0.0,6384.35
WH-IND,ST-006,Burhanpur,2025-01-19,1903.4,275.2,2,35621.84,Medium Truck,1,15961.599999999999,3,0.0,2.0,0.0,20364.8
WH-IND,ST-007,Indore,2025-01-14,747.0,317.85,2,27621.91,LCV,1,11760.45,3,0.0,1.0,0.0,11760.45
WH-IND,ST-011,Bhopal,2025-01-19,199.1,346.2,2,18125.86,Mini Truck,1,8308.8,3,0.0,1.0,0.0,12809.4
WH-IND,ST-036,Satna,2025-01-19,566.1,607.6500000000001,2,50542.920000000006,Mini Truck,1,14583.600000000002,3,0.0,1.0,0.0,22483.050000000003
WH-IND,ST-002,Ratlam,2025-01-24,444.1,234.2,2,22322.16,Medium Truck,1,13583.599999999999,4,0.0,0.0,1.0,5620.799999999999
WH-IND,ST-008,Burhanpur,2025-01-21,359.1,115.2,2,10880.25,Medium Truck,1,6681.6,4,0.0,1.0,0.0,4262.400000000001
WH-IND,ST-009,Vidisha,2025-01-24,164.7,231.3,2,20252.82,Medium Truck,1,13415.400000000001,4,0.0,1.0,0.0,8558.1
WH-IND,ST-014,Bhopal,2025-01-25,1024.95,491.1,2,45560.81,Medium Truck,1,28483.800000000003,4,0.0,1.0,0.0,18170.7
WH-IND,ST-022,Bhopal,2025-01-20,992.4,258.45,2,20367.9,Mini Truck,2,12405.599999999999,4,0.0,1.0,0.0,9562.65
WH-IND,ST-028,Ujjain,2025-01-20,740.1,201.4,2,16423.05,Mini Truck,1,4833.6,4,0.0,1.0,0.0,7451.8
WH-IND,ST-001,Gwalior,2024-04-03,235.5,300.75,2,39096.66,Medium Truck,1,17443.5,14,0.0,1.0,0.0,11127.75
WH-IND,ST-021,Ratlam,2024-04-01,991.3,512.75,2,56913.39,Medium Truck,1,29739.5,14,0.0,1.0,0.0,18971.75
WH-IND,ST-020,Ratlam,2024-04-12,576.4,191.0,2,17053.29,Mini Truck,1,4584.0,15,0.0,1.0,0.0,7067.0
WH-IND,ST-022,Bhopal,2024-04-13,841.7,230.95,2,20444.4,Medium Truck,1,13395.099999999999,15,0.0,1.0,0.0,8545.15
WH-IND,ST-030,Sagar,2024-04-14,625.3,356.0,2,29086.120000000003,LCV,1,13172.0,15,0.0,1.0,0.0,13172.0
WH-IND,ST-008,Burhanpur,2024-04-18,615.8,111.65,2,13222.3,Medium Truck,1,6475.700000000001,16,0.0,1.0,0.0,4131.05
WH-IND,ST-029,Bhopal,2024-04-21,631.7,409.85,2,33083.98,Mini Truck,1,9836.400000000001,16,0.0,1.0,0.0,15164.45
WH-IND,ST-030,Sagar,2024-04-21,1762.6,354.7,2,38268.15,Medium Truck,1,20572.6,16,0.0,2.0,0.0,26247.8
WH-IND,ST-034,Satna,2024-04-20,607.3,338.6,2,30811.45,Medium Truck,1,19638.800000000003,16,0.0,1.0,0.0,12528.2
WH-IND,ST-005,Indore,2024-04-27,623.7,393.65,2,22757.08,Mini Truck,1,9447.599999999999,17,0.0,1.0,0.0,14565.05
WH-IND,ST-031,Jabalpur,2024-04-22,866.5,261.3,2,24809.03,LCV,1,9668.1,17,0.0,1.0,0.0,9668.1
WH-IND,ST-031,Jabalpur,2024-04-28,1328.6,265.35,2,21638.66,LCV,1,9817.95,17,0.0,1.0,0.0,9817.95
WH-IND,ST-034,Satna,2024-04-22,1581.1999999999998,330.7,2,30393.21,Medium Truck,1,19180.6,17,0.0,2.0,0.0,24471.8
WH-IND,ST-040,Gwalior,2024-04-22,1933.0,668.9,2,84543.92,Medium Truck,1,38796.2,17,0.0,2.0,0.0,49498.6
WH-IND,ST-033,Indore,2024-05-05,750.9,285.7,2,31889.07,LCV,1,10570.9,18,0.0,1.0,0.0,10570.9
WH-IND,ST-039,Indore,2024-05-04,1123.5,259.15,2,33527.6,Medium Truck,1,15030.699999999999,18,0.0,1.0,0.0,9588.55
WH-IND,ST-014,Bhopal,2024-05-09,989.4,458.85,2,32572.11,LCV,1,16977.45,19,0.0,1.0,0.0,16977.45
WH-IND,ST-016,Chhindwara,2024-05-08,1197.4,318.4,2,41683.62,Medium Truck,1,18467.199999999997,19,0.0,1.0,0.0,11780.8
WH-IND,ST-032,Mandsaur,2024-05-07,951.4,559.9000000000001,2,38689.6,Mini Truck,2,26875.200000000004,19,0.0,1.0,0.0,20716.300000000003
WH-IND,ST-020,Ratlam,2024-05-18,532.5,187.35,2,18550.38,LCV,1,6931.95,20,0.0,1.0,0.0,6931.95
WH-IND,ST-022,Bhopal,2024-05-13,726.5,236.6,2,23124.58,Medium Truck,1,13722.8,20,0.0,1.0,0.0,8754.199999999999
WH-IND,ST-029,Bhopal,2024-05-13,1450.6,413.9,2,37486.53,Mini Truck,2,19867.199999999997,20,0.0,1.0,0.0,15314.3
WH-IND,ST-039,Indore,2024-05-14,1100.8,247.45,2,23807.74,Medium Truck,1,14352.099999999999,20,0.0,1.0,0.0,9155.65
WH-IND,ST-040,Gwalior,2024-05-13,613.5999999999999,691.2,2,37276.1,Mini Truck,1,16588.800000000003,20,0.0,1.0,0.0,25574.4
WH-IND,ST-001,Gwalior,2024-05-21,790.8,295.0,2,31018.35,LCV,1,10915.0,21,0.0,1.0,0.0,10915.0
WH-IND,ST-001,Gwalior,2024-05-25,1023.5,305.15,2,28978.1,Mini Truck,2,14647.199999999999,21,0.0,1.0,0.0,11290.55
WH-IND,ST-004,Jabalpur,2024-05-21,584.0,212.6,2,24025.37,Medium Truck,1,12330.8,21,0.0,1.0,0.0,7866.2
WH-IND,ST-006,Burhanpur,2024-05-24,533.9000000000001,287.85,2,30614.300000000003,Medium Truck,1,16695.300000000003,21,0.0,1.0,0.0,10650.45
WH-IND,ST-031,Jabalpur,2024-05-20,946.1,242.25,2,15369.28,LCV,1,8963.25,21,0.0,1.0,0.0,8963.25
WH-IND,ST-036,Satna,2024-05-22,700.2,658.15,2,59231.08,Mini Truck,1,15795.599999999999,21,0.0,1.0,0.0,24351.55
WH-IND,ST-010,Khandwa,2024-06-02,535.6,484.8,2,55507.22,LCV,1,17937.600000000002,22,0.0,1.0,0.0,17937.600000000002
WH-IND,ST-016,Chhindwara,2024-06-02,858.1,299.6,2,23319.96,LCV,1,11085.2,22,0.0,1.0,0.0,11085.2
WH-IND,ST-020,Ratlam,2024-05-29,422.9,185.75,2,17858.45,Mini Truck,1,4458.0,22,0.0,1.0,0.0,6872.75
WH-IND,ST-029,Bhopal,2024-05-29,198.9,432.25,2,47204.74,LCV,1,15993.25,22,0.0,1.0,0.0,15993.25
WH-IND,ST-019,Jabalpur,2024-06-09,921.0,218.85,2,13751.73,LCV,1,8097.45,23,0.0,1.0,0.0,8097.45
WH-IND,ST-024,Vidisha,2024-06-03,1458.9,223.55,2,23710.48,LCV,1,8271.35,23,0.0,1.0,0.0,8271.35
WH-IND,ST-032,Mandsaur,2024-06-03,1535.9,593.25,2,46088.21,LCV,2,43900.5,23,0.0,2.0,0.0,43900.5
WH-IND,ST-008,Burhanpur,2024-06-11,1188.5,111.8,2,8009.79,Mini Truck,2,5366.4,24,0.0,1.0,0.0,4136.599999999999
WH-IND,ST-008,Burhanpur,2024-06-15,1081.9,110.5,2,7131.110000000001,Mini Truck,2,5304.0,24,0.0,1.0,0.0,4088.5
WH-IND,ST-008,Burhanpur,2024-06-16,370.0,111.6,2,12912.91,Medium Truck,1,6472.799999999999,24,0.0,1.0,0.0,4129.2
WH-IND,ST-024,Vidisha,2024-06-12,286.70000000000005,229.5,2,15950.74,Mini Truck,1,5508.0,24,0.0,1.0,0.0,8491.5
WH-IND,ST-028,Ujjain,2024-06-10,673.7,207.2,2,11023.97,Mini Truck,1,4972.799999999999,24,0.0,1.0,0.0,7666.4
WH-IND,ST-028,Ujjain,2024-06-15,400.8,208.95,2,20408.38,Mini Truck,1,5014.799999999999,24,0.0,1.0,0.0,7731.15
WH-IND,ST-038,Dewas,2024-06-12,582.75,426.95,2,37161.02,LCV,1,15797.15,24,0.0,0.0,1.0,10246.8
WH-IND,ST-005,Indore,2024-06-18,1307.4,388.95,2,35576.15,LCV,1,14391.15,25,0.0,1.0,0.0,14391.15
WH-IND,ST-006,Burhanpur,2024-06-21,346.20000000000005,279.5,2,18260.61,Mini Truck,1,6708.0,25,0.0,0.0,1.0,6708.0
WH-IND,ST-035,Rewa,2024-06-21,1452.3,150.3,2,10454.55,LCV,1,5561.1,25,0.0,1.0,0.0,5561.1
WH-IND,ST-039,Indore,2024-06-23,618.35,264.35,2,21301.94,LCV,1,9780.95,25,0.0,1.0,0.0,9780.95
WH-IND,ST-004,Jabalpur,2024-06-24,553.2,208.0,2,21838.26,LCV,1,7696.0,26,0.0,1.0,0.0,7696.0
WH-IND,ST-011,Bhopal,2024-06-25,361.4,344.45,2,31539.32,Mini Truck,1,8266.8,26,0.0,0.0,1.0,8266.8
WH-IND,ST-012,Chhindwara,2024-06-27,678.8,249.15,2,25489.870000000003,Medium Truck,1,14450.7,26,0.0,1.0,0.0,9218.550000000001
WH-IND,ST-019,Jabalpur,2024-06-27,557.9,232.3,2,15063.4,LCV,1,8595.1,26,0.0,1.0,0.0,8595.1
WH-IND,ST-025,Mandsaur,2024-06-26,1778.3000000000002,236.1,2,23502.17,LCV,2,17471.399999999998,26,0.0,2.0,0.0,17471.399999999998
WH-IND,ST-031,Jabalpur,2024-06-30,1029.3000000000002,251.95,2,25431.49,Medium Truck,1,14613.099999999999,26,0.0,1.0,0.0,9322.15
WH-IND,ST-002,Ratlam,2024-07-04,492.3,244.2,2,31972.45,Medium Truck,1,14163.599999999999,27,0.0,1.0,0.0,9035.4
WH-IND,ST-016,Chhindwara,2024-07-01,1265.6,301.15,2,28481.85,LCV,1,11142.55,27,0.0,1.0,0.0,11142.55
WH-IND,ST-025,Mandsaur,2024-07-06,705.4,233.0,2,20515.97,Mini Truck,1,5592.0,27,0.0,1.0,0.0,8621.0
WH-IND,ST-031,Jabalpur,2024-07-06,447.2000000000001,255.05,2,27781.85,LCV,1,9436.85,27,0.0,0.0,1.0,6121.200000000001
WH-IND,ST-005,Indore,2024-07-13,309.8,419.6,2,37268.64,Mini Truck,1,10070.400000000001,28,0.0,1.0,0.0,15525.2
WH-IND,ST-014,Bhopal,2024-07-12,752.6,466.4,2,51871.72,Medium Truck,1,27051.199999999997,28,0.0,1.0,0.0,17256.8
WH-IND,ST-029,Bhopal,2024-07-11,462.9,421.85,2,40465.45,Medium Truck,1,24467.300000000003,28,0.0,1.0,0.0,15608.45
WH-IND,ST-037,Gwalior,2024-07-11,358.1,429.7000000000001,2,47837.53999999999,LCV,1,15898.900000000003,28,0.0,1.0,0.0,15898.900000000003
WH-IND,ST-006,Burhanpur,2024-07-21,560.1,294.65,2,32180.79,LCV,1,10902.05,29,0.0,1.0,0.0,10902.05
WH-IND,ST-013,Khandwa,2024-07-21,462.6,386.3,2,21216.15,Mini Truck,1,9271.2,29,0.0,1.0,0.0,14293.1
WH-IND,ST-015,Jabalpur,2024-07-28,845.3000000000001,637.5,2,32976.15,Mini Truck,2,30600.0,30,0.0,1.0,0.0,23587.5
WH-IND,ST-018,Satna,2024-07-25,733.6,420.5,2,33757.82,LCV,1,15558.5,30,0.0,0.0,1.0,10092.0
WH-IND,ST-017,Khandwa,2024-08-04,626.3,182.1,2,14335.75,LCV,1,6737.7,31,0.0,0.0,1.0,4370.4
WH-IND,ST-021,Ratlam,2024-08-02,895.1,551.75,2,47314.79,Medium Truck,1,32001.5,31,0.0,1.0,0.0,20414.75
WH-IND,ST-025,Mandsaur,2024-08-03,926.8,238.3,2,16498.25,Mini Truck,2,11438.400000000001,31,0.0,1.0,0.0,8817.1
WH-IND,ST-002,Ratlam,2024-08-07,1215.3,236.85,2,25713.76,LCV,1,8763.449999999999,32,0.0,1.0,0.0,8763.449999999999
WH-IND,ST-008,Burhanpur,2024-08-09,897.3,108.0,2,11003.16,LCV,1,3996.0,32,0.0,1.0,0.0,3996.0
WH-IND,ST-011,Bhopal,2024-08-05,1502.3,375.35,2,37857.33,LCV,2,27775.9,32,0.0,2.0,0.0,27775.9
WH-IND,ST-029,Bhopal,2024-08-07,842.4,437.3,2,35695.98,LCV,1,16180.1,32,0.0,1.0,0.0,16180.1
WH-IND,ST-040,Gwalior,2024-08-08,1098.5,673.35,2,42912.33,Mini Truck,2,32320.800000000003,32,0.0,1.0,0.0,24913.95
WH-IND,ST-026,Satna,2024-08-14,656.9,319.8,2,32046.870000000003,LCV,1,11832.6,33,0.0,1.0,0.0,11832.6
WH-IND,ST-004,Jabalpur,2024-08-24,409.6,212.5,2,18997.27,Medium Truck,1,12325.0,34,0.0,1.0,0.0,7862.5
WH-IND,ST-013,Khandwa,2024-08-20,1220.3,397.5333333333333,3,45974.06,LCV,1,14708.733333333332,34,0.0,1.0,0.0,14708.733333333332
WH-IND,ST-019,Jabalpur,2024-08-20,272.1,212.05,2,15963.75,Mini Truck,1,5089.200000000001,34,0.0,1.0,0.0,7845.85
WH-IND,ST-033,Indore,2024-08-20,618.2,283.5,2,26484.14,Mini Truck,1,6804.0,34,0.0,1.0,0.0,10489.5
WH-IND,ST-034,Satna,2024-08-24,507.7,340.7,2,32763.56,LCV,1,12605.9,34,0.0,1.0,0.0,12605.9
WH-IND,ST-036,Satna,2024-08-24,1031.6,651.65,2,80622.14,Medium Truck,1,37795.7,34,0.0,1.0,0.0,24111.05
WH-IND,ST-040,Gwalior,2024-08-23,877.0,667.65,2,39194.9,Mini Truck,2,32047.199999999997,34,0.0,1.0,0.0,24703.05
WH-IND,ST-004,Jabalpur,2024-08-29,689.9,238.15,2,15472.48,Mini Truck,1,5715.6,35,0.0,1.0,0.0,8811.550000000001
WH-IND,ST-033,Indore,2024-08-28,675.7,297.2,2,27845.16,Medium Truck,1,17237.6,35,0.0,1.0,0.0,10996.4
WH-IND,ST-033,Indore,2024-08-31,598.4,288.6,2,25559.47,Mini Truck,1,6926.400000000001,35,0.0,1.0,0.0,10678.2
WH-IND,ST-026,Satna,2024-09-06,492.0,343.85,2,47321.34,Medium Truck,1,19943.300000000003,36,0.0,1.0,0.0,12722.45
WH-IND,ST-040,Gwalior,2024-09-07,586.7,667.8,2,77110.34,Medium Truck,1,38732.399999999994,36,0.0,1.0,0.0,24708.6
WH-IND,ST-028,Ujjain,2024-09-11,282.9,187.7,2,12792.81,Mini Truck,1,4504.799999999999,37,0.0,1.0,0.0,6944.9
WH-IND,ST-040,Gwalior,2024-09-10,1279.6,675.3,2,65603.84,LCV,1,24986.1,37,0.0,1.0,0.0,24986.1
WH-IND,ST-008,Burhanpur,2024-09-18,1623.4,117.0,2,15394.4,Medium Truck,1,6786.0,38,0.0,2.0,0.0,8658.0
WH-IND,ST-018,Satna,2024-09-20,1258.6,442.4333333333333,3,53933.83,Mini Truck,2,21236.799999999996,38,0.0,1.0,0.0,16370.033333333331
WH-IND,ST-030,Sagar,2024-09-18,684.9,356.3,2,18222.620000000003,Mini Truck,1,8551.2,38,0.0,1.0,0.0,13183.1
WH-IND,ST-035,Rewa,2024-09-18,447.7,150.4,2,20781.045,LCV,1,5564.8,38,0.0,1.0,0.0,5564.8
WH-IND,ST-011,Bhopal,2024-09-26,356.2,370.65,2,18268.64,Mini Truck,1,8895.599999999999,39,0.0,1.0,0.0,13714.05
WH-IND,ST-011,Bhopal,2024-09-27,620.3,346.2,2,18996.83,Mini Truck,1,8308.8,39,0.0,1.0,0.0,12809.4
WH-IND,ST-024,Vidisha,2024-09-27,1469.6,218.05,2,29420.230000000003,Medium Truck,1,12646.900000000001,39,0.0,1.0,0.0,8067.85
WH-IND,ST-030,Sagar,2024-09-28,195.9,380.7000000000001,2,36095.88,Medium Truck,1,22080.600000000006,39,0.0,1.0,0.0,14085.900000000003
WH-IND,ST-002,Ratlam,2024-10-02,821.0,246.35,2,19615.56,LCV,1,9114.949999999999,40,0.0,1.0,0.0,9114.949999999999
WH-IND,ST-013,Khandwa,2024-10-04,609.5,393.65,2,26631.75,LCV,1,14565.05,40,0.0,0.0,1.0,9447.599999999999
WH-IND,ST-035,Rewa,2024-10-02,532.2,147.75,2,9325.52,LCV,1,5466.75,40,0.0,1.0,0.0,5466.75
WH-IND,ST-038,Dewas,2024-10-01,950.0,457.85,2,57955.27,Medium Truck,1,26555.300000000003,40,0.0,1.0,0.0,16940.45
WH-IND,ST-001,Gwalior,2024-10-11,974.1,274.0,2,18444.77,Mini Truck,2,13152.0,41,0.0,1.0,0.0,10138.0
WH-IND,ST-003,Jabalpur,2024-10-11,1578.4,266.05,2,17094.57,LCV,2,19687.7,41,0.0,2.0,0.0,19687.7
WH-IND,ST-029,Bhopal,2024-10-11,1092.1,422.8,2,45098.55,Medium Truck,1,24522.4,41,0.0,1.0,0.0,15643.6
WH-IND,ST-001,Gwalior,2024-10-15,1422.95,277.93333333333334,3,37641.26,Mini Truck,2,13340.8,42,0.0,1.0,0.0,10283.533333333333
WH-IND,ST-002,Ratlam,2024-10-15,681.3000000000001,240.05,2,18394.75,LCV,1,8881.85,42,0.0,1.0,0.0,8881.85
WH-IND,ST-006,Burhanpur,2024-10-17,176.8,290.0,2,39496.01,Medium Truck,1,16820.0,42,0.0,1.0,0.0,10730.0
WH-IND,ST-014,Bhopal,2024-10-17,1538.4,460.4,2,46105.94,LCV,2,34069.6,42,0.0,2.0,0.0,34069.6
WH-IND,ST-009,Vidisha,2024-10-27,855.1,241.2,2,19658.88,LCV,1,8924.4,43,0.0,1.0,0.0,8924.4
WH-IND,ST-013,Khandwa,2024-10-24,522.5,378.5,2,31743.81,LCV,1,14004.5,43,0.0,1.0,0.0,14004.5
WH-IND,ST-016,Chhindwara,2024-10-27,413.5,299.1,2,29978.44,Medium Truck,1,17347.800000000003,43,0.0,1.0,0.0,11066.7
WH-IND,ST-024,Vidisha,2024-10-23,818.5999999999999,222.85,2,22550.65,Medium Truck,1,12925.3,43,0.0,1.0,0.0,8245.449999999999
WH-IND,ST-027,Chhindwara,2024-10-24,1095.0,560.6,2,49359.75,Mini Truck,2,26908.800000000003,43,0.0,1.0,0.0,20742.2
WH-IND,ST-027,Chhindwara,2024-10-27,407.7,605.85,2,63396.28999999999,LCV,1,22416.45,43,0.0,1.0,0.0,22416.45
WH-IND,ST-035,Rewa,2024-10-26,1076.4,148.7,2,14561.419999999998,Medium Truck,1,8624.599999999999,43,0.0,1.0,0.0,5501.9
WH-IND,ST-037,Gwalior,2024-10-25,503.7000000000001,410.85,2,36782.92,Medium Truck,1,23829.300000000003,43,0.0,1.0,0.0,15201.45
WH-IND,ST-003,Jabalpur,2024-11-03,679.0,283.9,2,28261.54,LCV,1,10504.3,44,0.0,1.0,0.0,10504.3
WH-IND,ST-037,Gwalior,2024-11-02,1144.5,399.05,2,38506.71,Mini Truck,2,19154.4,44,0.0,1.0,0.0,14764.85
WH-IND,ST-019,Jabalpur,2024-11-04,1202.2,231.7,2,24277.5,Medium Truck,1,13438.599999999999,45,0.0,1.0,0.0,8572.9
WH-IND,ST-025,Mandsaur,2024-11-05,202.5,226.6,2,25500.68,LCV,1,8384.199999999999,45,0.0,1.0,0.0,8384.199999999999
WH-IND,ST-015,Jabalpur,2024-11-14,472.5,615.2,2,68715.06,LCV,1,22762.4,46,0.0,1.0,0.0,22762.4
WH-IND,ST-021,Ratlam,2024-11-14,515.7,536.95,2,42108.380000000005,LCV,1,19867.15,46,0.0,1.0,0.0,19867.15
WH-IND,ST-027,Chhindwara,2024-11-11,1281.0,566.5,2,66943.15,Medium Truck,1,32857.0,46,0.0,1.0,0.0,20960.5
WH-IND,ST-027,Chhindwara,2024-11-15,874.0,612.65,2,54822.0,Medium Truck,1,35533.7,46,0.0,1.0,0.0,22668.05
WH-IND,ST-028,Ujjain,2024-11-12,520.5,191.15,2,15866.03,LCV,1,7072.55,46,0.0,1.0,0.0,7072.55
WH-IND,ST-034,Satna,2024-11-14,900.8,336.9,2,37682.38,LCV,1,12465.3,46,0.0,1.0,0.0,12465.3
WH-IND,ST-004,Jabalpur,2024-11-19,1594.9,231.0,2,21047.73,Mini Truck,3,16632.0,47,0.0,2.0,0.0,17094.0
WH-IND,ST-012,Chhindwara,2024-11-20,726.4,248.95,2,32124.26,Medium Truck,1,14439.099999999999,47,0.0,1.0,0.0,9211.15
WH-IND,ST-023,Vidisha,2024-11-24,1050.0,180.4,2,16904.22,Mini Truck,2,8659.2,47,0.0,1.0,0.0,6674.8
WH-IND,ST-026,Satna,2024-11-19,558.9,337.6,2,29265.33,Medium Truck,1,19580.800000000003,47,0.0,0.0,1.0,8102.400000000001
WH-IND,ST-035,Rewa,2024-11-18,703.0999999999999,153.64999999999998,2,16831.51,Medium Truck,1,8911.699999999999,47,0.0,1.0,0.0,5685.049999999999
WH-IND,ST-002,Ratlam,2024-11-29,1474.6999999999998,262.05,2,24192.32,Mini Truck,2,12578.400000000001,48,0.0,1.0,0.0,9695.85
WH-IND,ST-003,Jabalpur,2024-11-30,818.4,271.45000000000005,2,21682.92,Medium Truck,1,15744.100000000002,48,0.0,1.0,0.0,10043.650000000001
WH-IND,ST-009,Vidisha,2024-11-26,1098.6,238.15,2,14637.12,LCV,1,8811.550000000001,48,0.0,1.0,0.0,8811.550000000001
WH-IND,ST-009,Vidisha,2024-11-27,471.2000000000001,240.85,2,29129.86,Medium Truck,1,13969.3,48,0.0,1.0,0.0,8911.449999999999
WH-IND,ST-015,Jabalpur,2024-11-30,479.9,619.8,2,53411.43,Medium Truck,1,35948.399999999994,48,0.0,1.0,0.0,22932.6
WH-IND,ST-028,Ujjain,2024-11-26,519.0,186.75,2,10138.84,Mini Truck,1,4482.0,48,0.0,1.0,0.0,6909.75
WH-IND,ST-029,Bhopal,2024-12-08,767.8,415.4,2,28134.43,Mini Truck,2,19939.199999999997,49,0.0,1.0,0.0,15369.8
WH-IND,ST-035,Rewa,2024-12-07,708.0,148.15,2,12630.81,Medium Truck,1,8592.7,49,0.0,0.0,1.0,3555.6000000000004
WH-IND,ST-012,Chhindwara,2024-12-10,585.5999999999999,261.6,2,24688.1,Mini Truck,1,6278.400000000001,50,0.0,0.0,1.0,6278.400000000001
WH-IND,ST-026,Satna,2024-12-20,548.2,311.95000000000005,2,31797.620000000003,Medium Truck,1,18093.100000000002,51,0.0,0.0,1.0,7486.800000000001
WH-IND,ST-036,Satna,2024-12-21,800.9000000000001,648.5,2,63020.99,Mini Truck,2,31128.0,51,0.0,1.0,0.0,23994.5
WH-IND,ST-007,Indore,2024-12-28,548.9,333.79999999999995,2,30453.59,Mini Truck,1,8011.199999999999,52,0.0,1.0,0.0,12350.599999999999
WH-IND,ST-014,Bhopal,2024-12-26,263.6,464.05,2,27079.22,Mini Truck,1,11137.2,52,0.0,0.0,1.0,11137.2
WH-IND,ST-030,Sagar,2024-12-29,258.7,373.25,2,24665.22,Mini Truck,1,8958.0,52,0.0,1.0,0.0,13810.25
WH-IND,ST-033,Indore,2024-12-25,402.8,296.55,2,14915.82,Mini Truck,1,7117.200000000001,52,0.0,1.0,0.0,10972.35
WH-IND,ST-038,Dewas,2024-12-26,623.5,455.4,2,38272.83,Mini Truck,1,10929.599999999999,52,0.0,1.0,0.0,16849.8
WH-JBP,ST-035,Rewa,2025-01-03,1159.6,375.05,2,25779.92,Mini Truck,2,18002.4,1,0.0,1.0,0.0,13876.85
WH-JBP,ST-037,Gwalior,2025-01-04,614.5,642.9,2,62502.09,Mini Truck,1,15429.599999999999,1,0.0,0.0,1.0,15429.599999999999
WH-JBP,ST-004,Jabalpur,2025-01-10,671.3,398.55,2,41834.67,LCV,1,14746.35,2,0.0,1.0,0.0,14746.35
WH-JBP,ST-007,Indore,2025-01-07,805.7,655.4000000000001,2,44448.03999999999,Mini Truck,2,31459.200000000004,2,0.0,1.0,0.0,24249.800000000003
WH-JBP,ST-019,Jabalpur,2025-01-09,919.1,678.4000000000001,2,55874.03999999999,LCV,1,25100.800000000003,2,0.0,1.0,0.0,25100.800000000003
WH-JBP,ST-033,Indore,2025-01-12,524.4000000000001,673.25,2,49993.61,LCV,1,24910.25,2,0.0,0.0,1.0,16158.0
WH-JBP,ST-034,Satna,2025-01-11,915.8,539.2,2,42276.11,LCV,1,19950.4,2,0.0,1.0,0.0,19950.4
WH-JBP,ST-036,Satna,2025-01-10,631.3,476.5,2,43324.63,Medium Truck,1,27637.0,2,0.0,1.0,0.0,17630.5
WH-JBP,ST-008,Burhanpur,2025-01-18,446.8,656.8000000000001,3,88239.41,LCV,1,24301.600000000002,3,0.0,0.0,1.0,15763.2
WH-JBP,ST-018,Satna,2025-01-13,341.2,281.25,2,27460.33,Medium Truck,1,16312.5,3,0.0,1.0,0.0,10406.25
WH-JBP,ST-030,Sagar,2025-01-14,706.1,485.4500000000001,2,48470.55,Medium Truck,1,28156.100000000006,3,0.0,1.0,0.0,17961.650000000005
WH-JBP,ST-011,Bhopal,2025-01-20,769.2,405.76666666666665,3,47453.990000000005,Mini Truck,2,19476.8,4,0.0,1.0,0.0,15013.366666666667
WH-JBP,ST-017,Khandwa,2025-01-26,754.6,559.85,2,50650.69,Medium Truck,1,32471.300000000003,4,0.0,1.0,0.0,20714.45
WH-JBP,ST-022,Bhopal,2025-01-25,1022.2,772.7,2,35409.115000000005,Mini Truck,2,37089.600000000006,4,0.0,1.0,0.0,28589.9
WH-JBP,ST-028,Ujjain,2025-01-22,639.9,686.75,2,70059.27,LCV,1,25409.75,4,0.0,0.0,1.0,16482.0
WH-JBP,ST-007,Indore,2024-04-02,558.1,701.6500000000001,2,34460.08,Mini Truck,1,16839.600000000002,14,0.0,0.0,1.0,16839.600000000002
WH-JBP,ST-011,Bhopal,2024-04-01,741.0,383.25,2,48691.73,Medium Truck,1,22228.5,14,0.0,1.0,0.0,14180.25
WH-JBP,ST-020,Ratlam,2024-04-01,1147.8000000000002,485.2,2,51611.66,LCV,1,17952.399999999998,14,0.0,1.0,0.0,17952.399999999998
WH-JBP,ST-020,Ratlam,2024-04-05,481.1,498.0,2,45783.17,Medium Truck,1,28884.0,14,0.0,1.0,0.0,18426.0
WH-JBP,ST-007,Indore,2024-04-12,389.6,655.55,2,51938.06,LCV,1,24255.35,15,0.0,1.0,0.0,24255.35
WH-JBP,ST-008,Burhanpur,2024-04-13,835.9,644.3000000000001,3,74706.9,Mini Truck,2,30926.4,15,0.0,1.0,0.0,23839.100000000002
WH-JBP,ST-023,Vidisha,2024-04-09,1059.4,742.95,2,57395.84,LCV,1,27489.15,15,0.0,1.0,0.0,27489.15
WH-JBP,ST-028,Ujjain,2024-04-08,414.2,718.6,2,94821.85,Medium Truck,1,41678.8,15,0.0,1.0,0.0,26588.2
WH-JBP,ST-029,Bhopal,2024-04-13,1515.1,742.3,2,44263.025,LCV,2,54930.2,15,0.0,2.0,0.0,54930.2
WH-JBP,ST-034,Satna,2024-04-14,377.5,539.95,2,39188.630000000005,Mini Truck,1,12958.800000000001,15,0.0,1.0,0.0,19978.15
WH-JBP,ST-009,Vidisha,2024-04-21,1186.6,533.25,2,54206.67,LCV,1,19730.25,16,0.0,1.0,0.0,19730.25
WH-JBP,ST-023,Vidisha,2024-04-19,490.7000000000001,735.6500000000001,2,78288.09999999999,Medium Truck,1,42667.700000000004,16,0.0,0.0,1.0,17655.600000000002
WH-JBP,ST-024,Vidisha,2024-04-21,866.8,394.0,2,53760.29,Medium Truck,1,22852.0,16,0.0,1.0,0.0,14578.0
WH-JBP,ST-032,Mandsaur,2024-04-28,640.1,79.75,2,5309.48,Mini Truck,1,1914.0,17,0.0,1.0,0.0,2950.75
WH-JBP,ST-012,Chhindwara,2024-04-30,477.3,619.1500000000001,2,67080.51,Medium Truck,1,35910.700000000004,18,0.0,1.0,0.0,22908.550000000003
WH-JBP,ST-015,Jabalpur,2024-04-29,658.9,360.15,2,38629.56,LCV,1,13325.55,18,0.0,1.0,0.0,13325.55
WH-JBP,ST-022,Bhopal,2024-05-04,1039.6,775.1333333333333,3,114165.92,LCV,1,28679.933333333334,18,0.0,1.0,0.0,28679.933333333334
WH-JBP,ST-026,Satna,2024-05-03,767.0999999999999,472.05,2,60551.42,Medium Truck,1,27378.9,18,0.0,1.0,0.0,17465.850000000002
WH-JBP,ST-037,Gwalior,2024-05-02,617.5,616.0,2,67468.25,LCV,1,22792.0,18,0.0,1.0,0.0,22792.0
WH-JBP,ST-009,Vidisha,2024-05-07,1022.6,534.25,2,57227.22,LCV,1,19767.25,19,0.0,1.0,0.0,19767.25
WH-JBP,ST-011,Bhopal,2024-05-10,665.8,375.7,2,37490.34,LCV,1,13900.9,19,0.0,1.0,0.0,13900.9
WH-JBP,ST-025,Mandsaur,2024-05-12,1122.5,701.85,2,77551.45,Medium Truck,1,40707.3,19,0.0,1.0,0.0,25968.45
WH-JBP,ST-034,Satna,2024-05-10,1766.5,552.9000000000001,2,47879.25,LCV,2,40914.600000000006,19,0.0,1.0,1.0,33726.90000000001
WH-JBP,ST-019,Jabalpur,2024-05-18,365.5,658.95,2,74562.55,LCV,1,24381.15,20,0.0,0.0,1.0,15814.800000000001
WH-JBP,ST-026,Satna,2024-05-18,754.7,462.7,2,24004.0,Mini Truck,2,22209.6,20,0.0,1.0,0.0,17119.899999999998
WH-JBP,ST-035,Rewa,2024-05-18,432.3,386.35,2,49764.88,Medium Truck,1,22408.300000000003,20,0.0,1.0,0.0,14294.95
WH-JBP,ST-038,Dewas,2024-05-14,345.7,268.65,2,22298.32,LCV,1,9940.05,20,0.0,1.0,0.0,9940.05
WH-JBP,ST-040,Gwalior,2024-05-15,229.7,374.35,2,29558.38,Mini Truck,1,8984.400000000001,20,0.0,1.0,0.0,13850.95
WH-JBP,ST-002,Ratlam,2024-05-23,400.6,694.0,2,64706.64,Medium Truck,1,40252.0,21,0.0,1.0,0.0,25678.0
WH-JBP,ST-003,Jabalpur,2024-05-21,706.0,778.15,2,38117.42,Mini Truck,1,18675.6,21,0.0,0.0,1.0,18675.6
WH-JBP,ST-015,Jabalpur,2024-05-20,1116.6,341.65,2,20706.13,Mini Truck,2,16399.199999999997,21,0.0,1.0,0.0,12641.05
WH-JBP,ST-017,Khandwa,2024-05-26,723.8,552.05,2,36606.87,LCV,1,20425.85,21,0.0,1.0,0.0,20425.85
WH-JBP,ST-029,Bhopal,2024-05-24,844.8,672.3,2,54914.03,LCV,1,24875.1,21,0.0,1.0,0.0,24875.1
WH-JBP,ST-009,Vidisha,2024-05-31,379.7,553.7,2,44482.39,LCV,1,20486.9,22,0.0,1.0,0.0,20486.9
WH-JBP,ST-014,Bhopal,2024-06-01,834.4000000000001,221.45,2,12159.1,Mini Truck,2,10629.599999999999,22,0.0,1.0,0.0,8193.65
WH-JBP,ST-040,Gwalior,2024-05-29,587.6999999999999,406.95,2,21104.02,Mini Truck,1,9766.8,22,0.0,1.0,0.0,15057.15
WH-JBP,ST-009,Vidisha,2024-06-03,572.6,521.5,2,63683.58,Medium Truck,1,30247.0,23,0.0,0.0,1.0,12516.0
WH-JBP,ST-015,Jabalpur,2024-06-08,714.5,352.45,2,23533.47,LCV,1,13040.65,23,0.0,1.0,0.0,13040.65
WH-JBP,ST-021,Ratlam,2024-06-07,913.2,203.65,2,15118.08,Mini Truck,2,9775.2,23,0.0,1.0,0.0,7535.05
WH-JBP,ST-035,Rewa,2024-06-07,401.7000000000001,414.05,2,33434.21,LCV,1,15319.85,23,0.0,1.0,0.0,15319.85
WH-JBP,ST-040,Gwalior,2024-06-07,671.7,420.45,2,30138.35,LCV,1,15556.65,23,0.0,1.0,0.0,15556.65
WH-JBP,ST-015,Jabalpur,2024-06-13,599.6,350.0,2,23346.93,Mini Truck,1,8400.0,24,0.0,1.0,0.0,12950.0
WH-JBP,ST-019,Jabalpur,2024-06-10,558.5,621.65,2,82590.87,Medium Truck,1,36055.7,24,0.0,1.0,0.0,23001.05
WH-JBP,ST-032,Mandsaur,2024-06-13,1329.4,85.25,2,7731.23,LCV,1,3154.25,24,0.0,1.0,0.0,3154.25
WH-JBP,ST-006,Burhanpur,2024-06-21,794.5,323.79999999999995,2,31846.03,Mini Truck,2,15542.399999999998,25,0.0,1.0,0.0,11980.599999999999
WH-JBP,ST-025,Mandsaur,2024-06-18,271.5,694.65,2,39587.17999999999,Mini Truck,1,16671.6,25,0.0,1.0,0.0,25702.05
WH-JBP,ST-003,Jabalpur,2024-06-29,1099.9,749.5,2,50820.95,Mini Truck,2,35976.0,26,0.0,1.0,0.0,27731.5
WH-JBP,ST-012,Chhindwara,2024-07-03,476.1,623.85,2,39283.18,LCV,1,23082.45,27,0.0,1.0,0.0,23082.45
WH-JBP,ST-017,Khandwa,2024-07-01,380.0,512.1,2,44700.51,Mini Truck,1,12290.400000000001,27,0.0,1.0,0.0,18947.7
WH-JBP,ST-006,Burhanpur,2024-07-11,325.6,354.6,2,22226.23,LCV,1,13120.2,28,0.0,0.0,1.0,8510.400000000001
WH-JBP,ST-006,Burhanpur,2024-07-14,602.2,353.85,2,28758.8,LCV,1,13092.45,28,0.0,1.0,0.0,13092.45
WH-JBP,ST-018,Satna,2024-07-12,1260.5,284.55,2,34637.33,Medium Truck,1,16503.9,28,0.0,1.0,0.0,10528.35
WH-JBP,ST-024,Vidisha,2024-07-14,1151.0,400.6,2,51131.37,Medium Truck,1,23234.800000000003,28,0.0,1.0,0.0,14822.2
WH-JBP,ST-018,Satna,2024-07-28,1003.7,305.56666666666666,3,46213.49,LCV,1,11305.966666666667,30,0.0,1.0,0.0,11305.966666666667
WH-JBP,ST-027,Chhindwara,2024-07-26,316.8,91.25,2,8928.220000000001,Medium Truck,1,5292.5,30,0.0,1.0,0.0,3376.25
WH-JBP,ST-029,Bhopal,2024-07-24,611.5,756.2,2,39732.32,Mini Truck,1,18148.800000000003,30,0.0,0.0,1.0,18148.800000000003
WH-JBP,ST-005,Indore,2024-08-02,866.0,191.45,2,15418.69,LCV,1,7083.65,31,0.0,1.0,0.0,7083.65
WH-JBP,ST-006,Burhanpur,2024-07-30,1429.0,318.54999999999995,2,34973.85,LCV,1,11786.349999999999,31,0.0,1.0,0.0,11786.349999999999
WH-JBP,ST-011,Bhopal,2024-08-04,608.6,411.05,2,43579.29,Medium Truck,1,23840.9,31,0.0,0.0,1.0,9865.2
WH-JBP,ST-013,Khandwa,2024-08-04,636.1,212.8,2,11435.15,Mini Truck,1,5107.200000000001,31,0.0,1.0,0.0,7873.6
WH-JBP,ST-014,Bhopal,2024-07-29,1591.8,209.25,2,19092.49,Medium Truck,1,12136.5,31,0.0,2.0,0.0,15484.5
WH-JBP,ST-014,Bhopal,2024-07-30,353.2,209.1,2,25341.11,Medium Truck,1,12127.8,31,0.0,1.0,0.0,7736.7
WH-JBP,ST-035,Rewa,2024-08-04,638.1,370.35,2,37897.58,LCV,1,13702.95,31,0.0,1.0,0.0,13702.95
WH-JBP,ST-036,Satna,2024-07-31,1161.3000000000002,443.75,2,38300.95,LCV,1,16418.75,31,0.0,1.0,0.0,16418.75
WH-JBP,ST-006,Burhanpur,2024-08-11,2076.4,334.55,2,37244.5,LCV,2,24756.7,32,0.0,2.0,0.0,24756.7
WH-JBP,ST-011,Bhopal,2024-08-11,621.1,420.05,2,40031.83,Medium Truck,1,24362.9,32,0.0,1.0,0.0,15541.85
WH-JBP,ST-019,Jabalpur,2024-08-10,769.6,632.45,2,61137.83,Medium Truck,1,36682.100000000006,32,0.0,1.0,0.0,23400.65
WH-JBP,ST-021,Ratlam,2024-08-07,785.8,206.9,2,21801.72,LCV,1,7655.3,32,0.0,1.0,0.0,7655.3
WH-JBP,ST-024,Vidisha,2024-08-11,1176.2,398.2,2,53388.46,Medium Truck,1,23095.6,32,0.0,1.0,0.0,14733.4
WH-JBP,ST-027,Chhindwara,2024-08-07,962.6,93.4,2,6258.23,Mini Truck,2,4483.200000000001,32,0.0,1.0,0.0,3455.8
WH-JBP,ST-030,Sagar,2024-08-11,1619.8,507.35,2,34607.490000000005,LCV,2,37543.9,32,0.0,1.0,1.0,30948.350000000002
WH-JBP,ST-007,Indore,2024-08-16,1345.4,698.6,2,89887.4,Medium Truck,1,40518.8,33,0.0,1.0,0.0,25848.2
WH-JBP,ST-023,Vidisha,2024-08-12,742.9,691.0,2,48785.78999999999,Mini Truck,1,16584.0,33,0.0,1.0,0.0,25567.0
WH-JBP,ST-002,Ratlam,2024-08-20,832.4000000000001,719.0999999999999,2,58423.8,LCV,1,26606.699999999997,34,0.0,1.0,0.0,26606.699999999997
WH-JBP,ST-007,Indore,2024-08-22,973.6,685.45,2,68277.45,Medium Truck,1,39756.100000000006,34,0.0,1.0,0.0,25361.65
WH-JBP,ST-009,Vidisha,2024-08-20,498.1,532.8499999999999,2,36272.68,LCV,1,19715.449999999997,34,0.0,1.0,0.0,19715.449999999997
WH-JBP,ST-029,Bhopal,2024-08-25,728.5,764.1,2,77167.54999999999,LCV,1,28271.7,34,0.0,0.0,1.0,18338.4
WH-JBP,ST-040,Gwalior,2024-08-24,880.5,407.95,2,39362.05,Mini Truck,2,19581.6,34,0.0,1.0,0.0,15094.15
WH-JBP,ST-004,Jabalpur,2024-08-28,855.5,395.9,2,38927.7,LCV,1,14648.3,35,0.0,1.0,0.0,14648.3
WH-JBP,ST-007,Indore,2024-08-27,433.3,641.2,2,56417.12,Medium Truck,1,37189.600000000006,35,0.0,0.0,1.0,15388.800000000001
WH-JBP,ST-009,Vidisha,2024-08-29,671.4000000000001,537.8,2,34986.3,LCV,1,19898.6,35,0.0,1.0,0.0,19898.6
WH-JBP,ST-012,Chhindwara,2024-08-28,1110.5,589.45,2,57845.83,Medium Truck,1,34188.100000000006,35,0.0,1.0,0.0,21809.65
WH-JBP,ST-016,Chhindwara,2024-09-01,916.7,268.4,2,18109.8,LCV,1,9930.8,35,0.0,1.0,0.0,9930.8
WH-JBP,ST-026,Satna,2024-08-29,287.1,491.2,2,36294.85,LCV,1,18174.399999999998,35,0.0,1.0,0.0,18174.399999999998
WH-JBP,ST-031,Jabalpur,2024-08-27,571.3,260.9,2,22032.81,Medium Truck,1,15132.199999999999,35,0.0,1.0,0.0,9653.3
WH-JBP,ST-038,Dewas,2024-08-26,589.3,292.3,2,16234.65,Mini Truck,1,7015.200000000001,35,0.0,1.0,0.0,10815.1
WH-JBP,ST-010,Khandwa,2024-09-05,555.8,414.3,2,29174.34,LCV,1,15329.1,36,0.0,1.0,0.0,15329.1
WH-JBP,ST-031,Jabalpur,2024-09-03,615.7,283.85,2,25896.14,Medium Truck,1,16463.300000000003,36,0.0,1.0,0.0,10502.45
WH-JBP,ST-017,Khandwa,2024-09-14,1088.6,503.7000000000001,2,61886.62,Medium Truck,1,29214.600000000006,37,0.0,1.0,0.0,18636.900000000005
WH-JBP,ST-011,Bhopal,2024-09-16,1592.3,393.2,3,78315.22,Medium Truck,1,22805.6,38,0.0,1.0,1.0,23985.199999999997
WH-JBP,ST-002,Ratlam,2024-09-25,458.8,733.05,2,101002.09,Medium Truck,1,42516.899999999994,39,0.0,1.0,0.0,27122.85
WH-JBP,ST-008,Burhanpur,2024-09-25,1095.1,624.1666666666666,3,118087.74,Medium Truck,1,36201.666666666664,39,0.0,1.0,0.0,23094.166666666664
WH-JBP,ST-015,Jabalpur,2024-09-30,838.2,326.45,2,43373.93,Medium Truck,1,18934.1,40,0.0,1.0,0.0,12078.65
WH-JBP,ST-023,Vidisha,2024-10-01,775.0,711.2,2,88348.28,Medium Truck,1,41249.600000000006,40,0.0,1.0,0.0,26314.4
WH-JBP,ST-027,Chhindwara,2024-10-10,843.0999999999999,91.05,2,12127.99,Mini Truck,2,4370.4,41,0.0,1.0,0.0,3368.85
WH-JBP,ST-029,Bhopal,2024-10-10,1264.3,764.0333333333333,3,91699.03,Mini Truck,2,36673.6,41,0.0,1.0,0.0,28269.233333333334
WH-JBP,ST-036,Satna,2024-10-10,824.8000000000001,439.65,2,44897.56,Mini Truck,2,21103.199999999997,41,0.0,1.0,0.0,16267.05
WH-JBP,ST-038,Dewas,2024-10-11,917.8,270.05,2,27614.7,LCV,1,9991.85,41,0.0,1.0,0.0,9991.85
WH-JBP,ST-022,Bhopal,2024-10-20,502.7000000000001,770.9000000000001,2,40035.44,Mini Truck,1,18501.600000000002,42,0.0,1.0,0.0,28523.300000000003
WH-JBP,ST-030,Sagar,2024-10-19,961.4,527.65,2,32969.48,Mini Truck,2,25327.199999999997,42,0.0,1.0,0.0,19523.05
WH-JBP,ST-034,Satna,2024-10-18,592.0,554.45,2,45311.48,Medium Truck,1,32158.100000000002,42,0.0,1.0,0.0,20514.65
WH-JBP,ST-036,Satna,2024-10-17,400.1,434.25,2,30207.74,LCV,1,16067.25,42,0.0,1.0,0.0,16067.25
WH-JBP,ST-036,Satna,2024-10-25,1191.6999999999998,442.5,2,31799.47,LCV,1,16372.5,43,0.0,1.0,0.0,16372.5
WH-JBP,ST-021,Ratlam,2024-11-02,449.3,204.65,2,16052.52,LCV,1,7572.05,44,0.0,1.0,0.0,7572.05
WH-JBP,ST-037,Gwalior,2024-10-30,353.8,619.5999999999999,2,30836.11,Mini Truck,1,14870.399999999998,44,0.0,1.0,0.0,22925.199999999997
WH-JBP,ST-018,Satna,2024-11-06,670.0,306.1,2,30378.22,Mini Truck,1,7346.400000000001,45,0.0,0.0,1.0,7346.400000000001
WH-JBP,ST-013,Khandwa,2024-11-11,1702.7,212.35,2,16701.25,LCV,2,15713.9,46,0.0,2.0,0.0,15713.9
WH-JBP,ST-021,Ratlam,2024-11-14,596.7,216.2,2,18428.49,Mini Truck,1,5188.799999999999,46,0.0,1.0,0.0,7999.4
WH-JBP,ST-024,Vidisha,2024-11-23,908.7,397.9,2,47853.15,Medium Truck,1,23078.199999999997,47,0.0,1.0,0.0,14722.3
WH-JBP,ST-040,Gwalior,2024-11-21,354.9,401.95,2,28357.76,LCV,1,14872.15,47,0.0,0.0,1.0,9646.8
WH-JBP,ST-003,Jabalpur,2024-11-28,408.7,736.15,2,40656.89,Mini Truck,1,17667.6,48,0.0,1.0,0.0,27237.55
WH-JBP,ST-004,Jabalpur,2024-11-30,880.4000000000001,407.65,2,21155.11,Mini Truck,2,19567.199999999997,48,0.0,1.0,0.0,15083.05
WH-JBP,ST-017,Khandwa,2024-11-26,892.4,547.45,2,44616.56,LCV,1,20255.65,48,0.0,1.0,0.0,20255.65
WH-JBP,ST-025,Mandsaur,2024-11-29,894.9,700.7,2,47305.42,LCV,1,25925.9,48,0.0,1.0,0.0,25925.9
WH-JBP,ST-040,Gwalior,2024-11-27,634.6,398.2,2,44343.240000000005,Medium Truck,1,23095.6,48,0.0,1.0,0.0,14733.4
WH-JBP,ST-004,Jabalpur,2024-12-08,668.6,404.1,2,38486.67,Mini Truck,1,9698.400000000001,49,0.0,1.0,0.0,14951.7
WH-JBP,ST-005,Indore,2024-12-08,520.1,192.15,2,18881.05,Medium Truck,1,11144.7,49,0.0,1.0,0.0,7109.55
WH-JBP,ST-010,Khandwa,2024-12-08,1025.0,431.05,2,41565.3,Medium Truck,1,25000.9,49,0.0,1.0,0.0,15948.85
WH-JBP,ST-015,Jabalpur,2024-12-02,997.3,349.1,2,26284.97,LCV,1,12916.7,49,0.0,1.0,0.0,12916.7
WH-JBP,ST-016,Chhindwara,2024-12-06,222.6,297.15,2,20930.0,LCV,1,10994.55,49,0.0,1.0,0.0,10994.55
WH-JBP,ST-017,Khandwa,2024-12-06,1325.05,548.75,2,43227.630000000005,LCV,1,20303.75,49,0.0,1.0,0.0,20303.75
WH-JBP,ST-019,Jabalpur,2024-12-03,163.8,624.85,2,41072.05,Mini Truck,1,14996.400000000001,49,0.0,1.0,0.0,23119.45
WH-JBP,ST-031,Jabalpur,2024-12-05,495.1,280.65,2,14796.43,Mini Truck,1,6735.599999999999,49,0.0,1.0,0.0,10384.05
WH-JBP,ST-005,Indore,2024-12-13,658.4,196.55,2,11718.59,Mini Truck,1,4717.200000000001,50,0.0,1.0,0.0,7272.35
WH-JBP,ST-012,Chhindwara,2024-12-10,1068.6,589.3,2,54449.61,Medium Truck,1,34179.399999999994,50,0.0,1.0,0.0,21804.1
WH-JBP,ST-025,Mandsaur,2024-12-13,781.8,690.95,2,87575.26999999999,Medium Truck,1,40075.100000000006,50,0.0,1.0,0.0,25565.15
WH-JBP,ST-030,Sagar,2024-12-11,1151.1,523.5,2,45512.19,Medium Truck,1,30363.0,50,0.0,1.0,0.0,19369.5
WH-JBP,ST-012,Chhindwara,2024-12-16,621.5,623.5,2,36965.415,LCV,1,23069.5,51,0.0,0.0,1.0,14964.0
WH-JBP,ST-014,Bhopal,2024-12-18,1453.1999999999998,214.8,2,17167.14,LCV,1,7947.6,51,0.0,1.0,0.0,7947.6
WH-JBP,ST-016,Chhindwara,2024-12-20,1146.0,270.9,2,24296.02,Medium Truck,1,15712.199999999999,51,0.0,1.0,0.0,10023.3
WH-JBP,ST-031,Jabalpur,2024-12-21,1242.0,263.95,2,20024.120000000003,Mini Truck,2,12669.599999999999,51,0.0,1.0,0.0,9766.15
WH-JBP,ST-038,Dewas,2024-12-21,1125.7,279.25,2,18498.92,Mini Truck,2,13404.0,51,0.0,1.0,0.0,10332.25
WH-JBP,ST-006,Burhanpur,2024-12-28,913.2,345.79999999999995,2,45045.77,Medium Truck,1,20056.399999999998,52,0.0,1.0,0.0,12794.599999999999
WH-JBP,ST-032,Mandsaur,2024-12-27,816.3,82.4,2,4252.63,Mini Truck,2,3955.2000000000003,52,0.0,1.0,0.0,3048.8
